epoch,iso_time,gpu_ns_total,last_submit_ns,mach_now_ns,footprint_mb
1789746364,2026-09-18T15:46:04Z,745102375,1273121417186250,1273173364386625,123.0
1789746426,2026-09-18T15:47:06Z,747478875,1273179212665000,1273235325425000,165.0
1789746490,2026-09-18T15:48:10Z,748795208,1273242223915791,1273299150315416,165.0
1789746556,2026-09-18T15:49:16Z,753326250,1273361736155833,1273365606302750,128.0
1789746619,2026-09-18T15:50:19Z,763366875,1273422020156958,1273428381001791,129.0
1789746682,2026-09-18T15:51:22Z,764272166,1273485669746583,1273490913498916,160.0
1789746745,2026-09-18T15:52:25Z,766658458,1273555521902750,1273554490553708,154.0
1789746812,2026-09-18T15:53:32Z,767237375,1273603133979833,1273621508098250,150.0
1789746892,2026-09-18T15:54:53Z,767237375,1273603133979833,1273701279460375,150.0
1789746961,2026-09-18T15:56:01Z,767237375,1273603133979833,1273770353519166,151.0
1789747023,2026-09-18T15:57:03Z,767237375,1273603133979833,1273832662660208,127.0
1789747086,2026-09-18T15:58:06Z,767256791,1273872954840916,1273895611291416,208.0
1789747148,2026-09-18T15:59:08Z,768117333,1273906526567125,1273957371371708,128.0
1789747214,2026-09-18T16:00:14Z,769186250,1274026230185500,1274022358631458,128.0
1789747279,2026-09-18T16:01:19Z,776598375,1274029921195500,1274088179604125,129.0
1789747347,2026-09-18T16:02:28Z,776885875,1274153987700541,1274156351020166,135.0
1789747423,2026-09-18T16:03:43Z,776948333,1274211732082041,1274232091230041,129.0
1789747484,2026-09-18T16:04:44Z,779376041,1274274727751166,1274293750387583,129.0
1789747546,2026-09-18T16:05:46Z,786638125,1274327222405833,1274355672239875,129.0
1789747609,2026-09-18T16:06:49Z,787302875,1274384989883375,1274418398186041,129.0
1789747673,2026-09-18T16:07:53Z,787302875,1274384989883375,1274481845320916,129.0
1789747737,2026-09-18T16:08:57Z,787302875,1274384989883375,1274545925424750,129.0
1789747805,2026-09-18T16:10:05Z,787302875,1274384989883375,1274614065648875,129.0
1789747866,2026-09-18T16:11:06Z,787302875,1274384989883375,1274675761930208,129.0
1789747928,2026-09-18T16:12:08Z,787302875,1274384989883375,1274737461383541,129.0
1789747990,2026-09-18T16:13:10Z,787302875,1274384989883375,1274799210075333,129.0
1789748052,2026-09-18T16:14:12Z,788513500,1274819220824208,1274860894579875,129.0
1789748114,2026-09-18T16:15:14Z,790935666,1274868109597291,1274923657343458,129.0
1789748177,2026-09-18T16:16:17Z,790935666,1274868109597291,1274986150024583,129.0
1789748239,2026-09-18T16:17:19Z,790935666,1274868109597291,1275048146915708,129.0
1789748301,2026-09-18T16:18:21Z,790935666,1274868109597291,1275109998649291,129.0
1789748365,2026-09-18T16:19:25Z,790935666,1274868109597291,1275174465260125,129.0
1789748427,2026-09-18T16:20:27Z,790935666,1274868109597291,1275235973355125,129.0
1789748488,2026-09-18T16:21:28Z,790935666,1274868109597291,1275297475618083,129.0
1789748550,2026-09-18T16:22:30Z,790935666,1274868109597291,1275359059751500,129.0
1789748612,2026-09-18T16:23:32Z,790935666,1274868109597291,1275420994275041,129.0
1789748675,2026-09-18T16:24:35Z,790935666,1274868109597291,1275484477560375,129.0
1789748737,2026-09-18T16:25:37Z,790935666,1274868109597291,1275545917735291,129.0
1789748798,2026-09-18T16:26:38Z,906576583,1275603592179708,1275607349498708,142.0
1789748860,2026-09-18T16:27:40Z,913207041,1275655714306333,1275668961684833,130.0
1789748921,2026-09-18T16:28:41Z,915634541,1275713480643083,1275730421084541,130.0
1789748983,2026-09-18T16:29:43Z,918058458,1275776471359583,1275791967455166,130.0
1789749044,2026-09-18T16:30:44Z,925339375,1275834211758916,1275853476256458,130.0
1789749108,2026-09-18T16:31:48Z,925339375,1275834211758916,1275916819076625,130.0
1789749180,2026-09-18T16:33:00Z,930239166,1275953123439875,1275989508937875,130.0
1789749242,2026-09-18T16:34:02Z,932482500,1276016025562791,1276051014062583,130.0
1789749303,2026-09-18T16:35:03Z,934915958,1276073798358125,1276112509122916,130.0
1789749367,2026-09-18T16:36:07Z,937387416,1276137615781583,1276176057881250,130.0
1789749428,2026-09-18T16:37:08Z,939854166,1276200639095958,1276237633547083,130.0
1789749490,2026-09-18T16:38:10Z,942257666,1276258388537250,1276299552678875,130.0
1789749552,2026-09-18T16:39:12Z,944691875,1276316152520000,1276361482016958,130.0
1789749616,2026-09-18T16:40:16Z,947136750,1276380019654416,1276425537936541,130.0
1789749679,2026-09-18T16:41:19Z,954490916,1276437672596000,1276488716622416,130.0
1789749741,2026-09-18T16:42:21Z,956935000,1276495431281666,1276550211298041,130.0
1789749802,2026-09-18T16:43:22Z,959210000,1276558438911625,1276611663170000,130.0
1789749864,2026-09-18T16:44:24Z,961265791,1276616194780625,1276673121179750,130.0
1789749925,2026-09-18T16:45:25Z,966114958,1276731670169083,1276734610995333,136.0
1789749987,2026-09-18T16:46:27Z,973951708,1276736802699458,1276796623461625,130.0
1789750050,2026-09-18T16:47:31Z,978216791,1276857926812875,1276859651619250,251.0
1789750115,2026-09-18T16:48:35Z,979020875,1276920659278875,1276924633303291,136.0
1789750177,2026-09-18T16:49:37Z,1020829125,1276979319760833,1276986125010958,137.0
1789750238,2026-09-18T16:50:38Z,1033525000,1277040562923916,1277047653836958,137.0
1789750300,2026-09-18T16:51:40Z,1064333625,1277103584599791,1277109145114541,163.0
1789750361,2026-09-18T16:52:41Z,1066799208,1277161359349833,1277170653078875,163.0
1789750423,2026-09-18T16:53:43Z,1067776333,1277224400649416,1277232117183291,163.0
1789750484,2026-09-18T16:54:44Z,1069897041,1277282118316250,1277293546738208,157.0
1789750546,2026-09-18T16:55:46Z,1075943541,1277339711305166,1277355065470750,157.0
1789750608,2026-09-18T16:56:48Z,1078097166,1277402496035791,1277416851697500,157.0
1789750669,2026-09-18T16:57:49Z,1078839791,1277460240195625,1277478367210500,157.0
1789750731,2026-09-18T16:58:51Z,1081236708,1277517985109041,1277539836936458,157.0
1789750792,2026-09-18T16:59:52Z,1083325208,1277581001012500,1277601296747833,157.0
1789750853,2026-09-18T17:00:53Z,1090260666,1277643965030125,1277662730187000,157.0
1789750915,2026-09-18T17:01:55Z,1091939708,1277701734338875,1277724271362125,157.0
1789750976,2026-09-18T17:02:56Z,1093821958,1277764892629458,1277785775216875,157.0
1789751038,2026-09-18T17:03:58Z,1096048291,1277822469460166,1277847288538500,157.0
1789751100,2026-09-18T17:05:00Z,1098462166,1277885480919583,1277908830417958,157.0
1789751161,2026-09-18T17:06:01Z,1104343458,1277943216259375,1277970255153166,157.0
1789751224,2026-09-18T17:07:04Z,1105413500,1278006237040791,1278032972592375,157.0
1789751294,2026-09-18T17:08:14Z,1107787000,1278063984400416,1278103225375791,158.0
1789751360,2026-09-18T17:09:20Z,1110198625,1278122346395125,1278169328908708,158.0
1789751422,2026-09-18T17:10:22Z,1112629916,1278185358416916,1278230931271750,110.0
1789751484,2026-09-18T17:11:24Z,1112629916,1278185358416916,1278292941099958,110.0
1789751547,2026-09-18T17:12:28Z,1112629916,1278185358416916,1278356578060333,110.0
1789751611,2026-09-18T17:13:31Z,1112629916,1278185358416916,1278420661335875,110.0
1789751673,2026-09-18T17:14:33Z,1112629916,1278185358416916,1278482252579583,110.0
1789751735,2026-09-18T17:15:35Z,1112629916,1278185358416916,1278543878435041,110.0
1789751797,2026-09-18T17:16:37Z,1112629916,1278185358416916,1278606181529416,110.0
1789751858,2026-09-18T17:17:38Z,1112629916,1278185358416916,1278667666602583,110.0
1789751920,2026-09-18T17:18:40Z,1112629916,1278185358416916,1278729152686666,110.0
1789751981,2026-09-18T17:19:41Z,1112629916,1278185358416916,1278790655544125,110.0
1789752043,2026-09-18T17:20:43Z,1112629916,1278185358416916,1278852141895750,110.0
1789752104,2026-09-18T17:21:44Z,1112629916,1278185358416916,1278913691698291,110.0
1789752166,2026-09-18T17:22:46Z,1261322500,1278969625306625,1278975236452875,165.0
1789752227,2026-09-18T17:23:48Z,1263701125,1279032640024708,1279036779384541,165.0
1789752289,2026-09-18T17:24:49Z,1265986000,1279090374164333,1279098298256916,165.0
1789752350,2026-09-18T17:25:50Z,1272649541,1279147988636583,1279159726341250,159.0
1789752412,2026-09-18T17:26:52Z,1273689875,1279218175156208,1279221230798000,165.0
1789752474,2026-09-18T17:27:54Z,1276053875,1279269755268583,1279282834238916,159.0
1789752537,2026-09-18T17:28:57Z,1277344791,1279332784312541,1279345931363708,159.0
1789752603,2026-09-18T17:30:03Z,1277344791,1279332784312541,1279411798136958,159.0
1789752664,2026-09-18T17:31:04Z,1277344791,1279332784312541,1279473353334666,159.0
1789752726,2026-09-18T17:32:06Z,1277344791,1279332784312541,1279534890666250,159.0
1789752795,2026-09-18T17:33:16Z,1277344791,1279332784312541,1279603624589333,159.0
1789752859,2026-09-18T17:34:19Z,1277344791,1279332784312541,1279668363090750,159.0
1789752921,2026-09-18T17:35:21Z,1277344791,1279332784312541,1279730032982458,159.0
1789752990,2026-09-18T17:36:32Z,1277344791,1279332784312541,1279797611705625,159.0
1789753063,2026-09-18T17:37:43Z,1277344791,1279332784312541,1279872327691625,159.0
1789753125,2026-09-18T17:38:45Z,1277344791,1279332784312541,1279934475475291,159.0
1789753187,2026-09-18T17:39:47Z,1277344791,1279332784312541,1279995879993833,159.0
1789753248,2026-09-18T17:40:48Z,1277344791,1279332784312541,1280057355745125,159.0
1789753310,2026-09-18T17:41:50Z,1277344791,1279332784312541,1280118860430458,159.0
1789753371,2026-09-18T17:42:51Z,1277344791,1279332784312541,1280180340561750,159.0
1789753433,2026-09-18T17:43:53Z,1277344791,1279332784312541,1280241813557833,159.0
1789753494,2026-09-18T17:44:54Z,1277344791,1279332784312541,1280303258587250,159.0
1789753555,2026-09-18T17:45:55Z,1277344791,1279332784312541,1280364707955416,159.0
1789753617,2026-09-18T17:46:57Z,1277344791,1279332784312541,1280426157482708,159.0
1789753678,2026-09-18T17:47:58Z,1277344791,1279332784312541,1280487615263333,159.0
1789753740,2026-09-18T17:49:00Z,1277344791,1279332784312541,1280549058915958,159.0
1789753802,2026-09-18T17:50:02Z,1277344791,1279332784312541,1280611686449166,159.0
1789753864,2026-09-18T17:51:04Z,1277344791,1279332784312541,1280673293598125,159.0
1789753926,2026-09-18T17:52:06Z,1277344791,1279332784312541,1280734912670041,159.0
1789753987,2026-09-18T17:53:07Z,1277344791,1279332784312541,1280796487680541,159.0
1789754049,2026-09-18T17:54:09Z,1277344791,1279332784312541,1280857909691583,159.0
1789754110,2026-09-18T17:55:10Z,1277344791,1279332784312541,1280919359425583,159.0
1789754172,2026-09-18T17:56:12Z,1277344791,1279332784312541,1280980818320000,159.0
1789754233,2026-09-18T17:57:13Z,1277344791,1279332784312541,1281042235742125,159.0
1789754294,2026-09-18T17:58:14Z,1277344791,1279332784312541,1281103681799500,159.0
1789754356,2026-09-18T17:59:16Z,1277344791,1279332784312541,1281165441418208,159.0
1789754418,2026-09-18T18:00:18Z,1277344791,1279332784312541,1281226897808958,159.0
1789754479,2026-09-18T18:01:19Z,1277344791,1279332784312541,1281288547226750,159.0
1789754542,2026-09-18T18:02:22Z,1277344791,1279332784312541,1281350900696125,159.0
1789754609,2026-09-18T18:03:29Z,1277344791,1279332784312541,1281417997430375,159.0
1789754670,2026-09-18T18:04:30Z,1277344791,1279332784312541,1281479545787875,159.0
1789754732,2026-09-18T18:05:32Z,1277344791,1279332784312541,1281541133934375,159.0
1789754793,2026-09-18T18:06:33Z,1277344791,1279332784312541,1281602675553958,159.0
1789754855,2026-09-18T18:07:35Z,1277344791,1279332784312541,1281664111196875,159.0
1789754916,2026-09-18T18:08:36Z,1277344791,1279332784312541,1281725496505333,159.0
1789754978,2026-09-18T18:09:38Z,1277344791,1279332784312541,1281786901473583,159.0
1789755039,2026-09-18T18:10:39Z,1277344791,1279332784312541,1281848353210500,159.0
1789755101,2026-09-18T18:11:41Z,1277344791,1279332784312541,1281909843219625,159.0
1789755162,2026-09-18T18:12:43Z,1277344791,1279332784312541,1281971567348791,159.0
1789755226,2026-09-18T18:13:46Z,1277344791,1279332784312541,1282035397231041,159.0
1789755288,2026-09-18T18:14:48Z,1277344791,1279332784312541,1282096965435000,159.0
1789755349,2026-09-18T18:15:49Z,1277344791,1279332784312541,1282158764551125,159.0
1789755411,2026-09-18T18:16:51Z,1277344791,1279332784312541,1282220173042375,159.0
1789755472,2026-09-18T18:17:52Z,1277344791,1279332784312541,1282281607046916,159.0
1789755534,2026-09-18T18:18:54Z,1277344791,1279332784312541,1282343059706333,159.0
1789755595,2026-09-18T18:19:55Z,1277344791,1279332784312541,1282404518647791,159.0
1789755657,2026-09-18T18:20:57Z,1277344791,1279332784312541,1282466130147958,159.0
1789755719,2026-09-18T18:21:59Z,1277344791,1279332784312541,1282527789646833,159.0
1789755780,2026-09-18T18:23:00Z,1277344791,1279332784312541,1282589319287791,159.0
1789755841,2026-09-18T18:24:01Z,1277344791,1279332784312541,1282650709677166,159.0
1789755903,2026-09-18T18:25:03Z,1277344791,1279332784312541,1282712112725083,159.0
1789755964,2026-09-18T18:26:04Z,1277344791,1279332784312541,1282773518634750,159.0
1789756026,2026-09-18T18:27:06Z,1277344791,1279332784312541,1282834889160291,159.0
1789756087,2026-09-18T18:28:07Z,1277344791,1279332784312541,1282896373278916,159.0
1789756149,2026-09-18T18:29:09Z,1277344791,1279332784312541,1282957967084166,159.0
1789756210,2026-09-18T18:30:10Z,1277344791,1279332784312541,1283019389152833,159.0
1789756272,2026-09-18T18:31:12Z,1277344791,1279332784312541,1283080898401916,159.0
1789756335,2026-09-18T18:32:15Z,1277344791,1279332784312541,1283144102903583,159.0
1789756397,2026-09-18T18:33:17Z,1277344791,1279332784312541,1283206192058583,159.0
1789756458,2026-09-18T18:34:18Z,1277344791,1279332784312541,1283267637065583,159.0
1789756520,2026-09-18T18:35:20Z,1277344791,1279332784312541,1283329222316500,159.0
1789756581,2026-09-18T18:36:21Z,1277344791,1279332784312541,1283390705800500,159.0
1789756643,2026-09-18T18:37:23Z,1277344791,1279332784312541,1283452077796750,159.0
1789756704,2026-09-18T18:38:24Z,1277344791,1279332784312541,1283513465839416,159.0
1789756766,2026-09-18T18:39:26Z,1277344791,1279332784312541,1283574831931875,159.0
1789756827,2026-09-18T18:40:27Z,1277344791,1279332784312541,1283636275478333,159.0
1789756890,2026-09-18T18:41:30Z,1277344791,1279332784312541,1283699687005000,159.0
1789756952,2026-09-18T18:42:32Z,1277344791,1279332784312541,1283761426137583,159.0
1789757018,2026-09-18T18:43:38Z,1277344791,1279332784312541,1283826717226916,159.0
1789757083,2026-09-18T18:44:43Z,1277344791,1279332784312541,1283892754700541,159.0
1789757145,2026-09-18T18:45:45Z,1277344791,1279332784312541,1283954238452166,111.0
1789757206,2026-09-18T18:46:46Z,1277344791,1279332784312541,1284015654739166,108.0
1789757268,2026-09-18T18:47:48Z,1277344791,1279332784312541,1284077150073583,108.0
1789757329,2026-09-18T18:48:49Z,1277344791,1279332784312541,1284138642361125,108.0
1789757391,2026-09-18T18:49:51Z,1277344791,1279332784312541,1284200244144250,108.0
1789757452,2026-09-18T18:50:52Z,1277344791,1279332784312541,1284261640778250,108.0
1789757514,2026-09-18T18:51:54Z,1277344791,1279332784312541,1284323386787083,108.0
1789757577,2026-09-18T18:52:57Z,1277344791,1279332784312541,1284386730901500,108.0
1789757639,2026-09-18T18:53:59Z,1277344791,1279332784312541,1284448116624875,108.0
1789757700,2026-09-18T18:55:00Z,1277344791,1279332784312541,1284509619017458,108.0
1789757762,2026-09-18T18:56:02Z,1277344791,1279332784312541,1284571102674166,108.0
1789757824,2026-09-18T18:57:04Z,1277344791,1279332784312541,1284632965011916,108.0
1789757886,2026-09-18T18:58:06Z,1277344791,1279332784312541,1284695581730333,108.0
1789757949,2026-09-18T18:59:10Z,1277344791,1279332784312541,1284758730074708,108.0
1789758012,2026-09-18T19:00:12Z,1277344791,1279332784312541,1284821605032500,108.0
1789758074,2026-09-18T19:01:14Z,1277344791,1279332784312541,1284883034285000,108.0
1789758136,2026-09-18T19:02:17Z,1277344791,1279332784312541,1284945097378750,108.0
1789758199,2026-09-18T19:03:19Z,1277344791,1279332784312541,1285008689933125,108.0
1789758261,2026-09-18T19:04:21Z,1277344791,1279332784312541,1285070160594791,108.0
1789758323,2026-09-18T19:05:23Z,1277344791,1279332784312541,1285131991135250,108.0
1789758384,2026-09-18T19:06:24Z,1277344791,1279332784312541,1285193612340041,108.0
1789758448,2026-09-18T19:07:28Z,1277344791,1279332784312541,1285257769827958,108.0
1789758510,2026-09-18T19:08:30Z,1277344791,1279332784312541,1285319226094416,108.0
1789758571,2026-09-18T19:09:31Z,1277344791,1279332784312541,1285380646620500,108.0
1789758633,2026-09-18T19:10:33Z,1277344791,1279332784312541,1285442027807416,108.0
1789758695,2026-09-18T19:11:35Z,1277344791,1279332784312541,1285503912923875,108.0
1789758759,2026-09-18T19:12:39Z,1277344791,1279332784312541,1285568674916000,108.0
1789758822,2026-09-18T19:13:42Z,1277344791,1279332784312541,1285630895658541,108.0
1789758883,2026-09-18T19:14:43Z,1277344791,1279332784312541,1285692336176833,108.0
1789758944,2026-09-18T19:15:45Z,1277344791,1279332784312541,1285753821580291,108.0
1789759006,2026-09-18T19:16:46Z,1277344791,1279332784312541,1285815274547791,108.0
1789759067,2026-09-18T19:17:47Z,1277344791,1279332784312541,1285876671072125,108.0
1789759129,2026-09-18T19:18:49Z,1277344791,1279332784312541,1285938181474708,108.0
1789759190,2026-09-18T19:19:50Z,1277344791,1279332784312541,1285999663920416,108.0
1789759252,2026-09-18T19:20:52Z,1277344791,1279332784312541,1286061206524333,108.0
1789759314,2026-09-18T19:21:54Z,1277344791,1279332784312541,1286122887673166,108.0
1789759375,2026-09-18T19:22:55Z,1277344791,1279332784312541,1286184383587458,108.0
1789759437,2026-09-18T19:23:57Z,1277344791,1279332784312541,1286245943402375,108.0
1789759498,2026-09-18T19:24:58Z,1277344791,1279332784312541,1286307404843333,108.0
1789759560,2026-09-18T19:26:00Z,1277344791,1279332784312541,1286368843362958,108.0
1789759621,2026-09-18T19:27:01Z,1277344791,1279332784312541,1286430280026666,108.0
1789759682,2026-09-18T19:28:02Z,1277344791,1279332784312541,1286491774721791,108.0
1789759744,2026-09-18T19:29:04Z,1277344791,1279332784312541,1286553256701875,108.0
1789759806,2026-09-18T19:30:06Z,1277344791,1279332784312541,1286615238507000,108.0
1789759867,2026-09-18T19:31:07Z,1277344791,1279332784312541,1286676659033333,108.0
1789759929,2026-09-18T19:32:09Z,1277344791,1279332784312541,1286738089590000,108.0
1789759992,2026-09-18T19:33:12Z,1277344791,1279332784312541,1286801470431666,108.0
1789760055,2026-09-18T19:34:15Z,1277344791,1279332784312541,1286864088495500,108.0
1789760117,2026-09-18T19:35:17Z,1277344791,1279332784312541,1286926175481041,108.0
1789760183,2026-09-18T19:36:23Z,1277344791,1279332784312541,1286992708136125,108.0
1789760245,2026-09-18T19:37:25Z,1277344791,1279332784312541,1287054268109083,108.0
1789760307,2026-09-18T19:38:27Z,1277344791,1279332784312541,1287116333856791,108.0
1789760368,2026-09-18T19:39:28Z,1277344791,1279332784312541,1287177758409333,108.0
1789760430,2026-09-18T19:40:30Z,1277344791,1279332784312541,1287239215451791,108.0
1789760491,2026-09-18T19:41:31Z,1277344791,1279332784312541,1287300630454333,108.0
1789760553,2026-09-18T19:42:33Z,1277344791,1279332784312541,1287362045055208,108.0
1789760614,2026-09-18T19:43:34Z,1277344791,1279332784312541,1287423457588916,108.0
1789760676,2026-09-18T19:44:36Z,1277344791,1279332784312541,1287484935718750,108.0
1789760737,2026-09-18T19:45:37Z,1277344791,1279332784312541,1287546401022291,108.0
1789760799,2026-09-18T19:46:39Z,1277344791,1279332784312541,1287607861617541,108.0
1789760860,2026-09-18T19:47:40Z,1277344791,1279332784312541,1287669235879333,108.0
1789760921,2026-09-18T19:48:41Z,1277344791,1279332784312541,1287730779818166,108.0
1789760983,2026-09-18T19:49:43Z,1277344791,1279332784312541,1287792180943583,108.0
1789761045,2026-09-18T19:50:45Z,1277344791,1279332784312541,1287853821346916,109.0
1789761110,2026-09-18T19:51:50Z,1277344791,1279332784312541,1287918879134875,108.0
1789761177,2026-09-18T19:52:57Z,1277344791,1279332784312541,1287985835867875,108.0
1789761238,2026-09-18T19:53:58Z,1277344791,1279332784312541,1288047361653875,108.0
1789761300,2026-09-18T19:55:00Z,1277344791,1279332784312541,1288108904462958,108.0
1789761361,2026-09-18T19:56:02Z,1277344791,1279332784312541,1288170550088375,108.0
1789761424,2026-09-18T19:57:04Z,1277344791,1279332784312541,1288233360552166,108.0
1789761486,2026-09-18T19:58:06Z,1277344791,1279332784312541,1288294845503083,108.0
1789761547,2026-09-18T19:59:07Z,1277344791,1279332784312541,1288356313675500,108.0
1789761609,2026-09-18T20:00:09Z,1277344791,1279332784312541,1288418068954791,108.0
1789761673,2026-09-18T20:01:13Z,1277344791,1279332784312541,1288481886893458,108.0
1789761734,2026-09-18T20:02:14Z,1277344791,1279332784312541,1288543350558000,108.0
1789761796,2026-09-18T20:03:16Z,1277344791,1279332784312541,1288604809744000,108.0
1789761857,2026-09-18T20:04:17Z,1277344791,1279332784312541,1288666212048875,108.0
1789761918,2026-09-18T20:05:18Z,1277344791,1279332784312541,1288727627946250,108.0
1789761980,2026-09-18T20:06:20Z,1277344791,1279332784312541,1288789075173875,108.0
1789762041,2026-09-18T20:07:21Z,1277344791,1279332784312541,1288850483439000,108.0
1789762103,2026-09-18T20:08:23Z,1277344791,1279332784312541,1288911928314125,108.0
1789762164,2026-09-18T20:09:24Z,1277344791,1279332784312541,1288973402582041,108.0
1789762226,2026-09-18T20:10:26Z,1277344791,1279332784312541,1289034944433083,108.0
1789762287,2026-09-18T20:11:27Z,1277344791,1279332784312541,1289096401336125,108.0
1789762350,2026-09-18T20:12:30Z,1277344791,1279332784312541,1289158572911000,108.0
1789762412,2026-09-18T20:13:32Z,1277344791,1279332784312541,1289220968892958,108.0
1789762473,2026-09-18T20:14:33Z,1277344791,1279332784312541,1289282462137250,108.0
1789762535,2026-09-18T20:15:35Z,1277344791,1279332784312541,1289343989324750,108.0
1789762596,2026-09-18T20:16:36Z,1277344791,1279332784312541,1289405494471500,108.0
1789762658,2026-09-18T20:17:38Z,1277344791,1279332784312541,1289466831073083,108.0
1789762719,2026-09-18T20:18:39Z,1277344791,1279332784312541,1289528221627291,108.0
1789762780,2026-09-18T20:19:40Z,1277344791,1279332784312541,1289589646905916,108.0
1789762842,2026-09-18T20:20:42Z,1277344791,1279332784312541,1289651396829750,108.0
1789762905,2026-09-18T20:21:45Z,1277344791,1279332784312541,1289713848562958,108.0
1789762968,2026-09-18T20:22:48Z,1277344791,1279332784312541,1289777496285833,108.0
1789763030,2026-09-18T20:23:50Z,1277344791,1279332784312541,1289839297295791,108.0
1789763091,2026-09-18T20:24:51Z,1277344791,1279332784312541,1289900761508041,108.0
1789763153,2026-09-18T20:25:53Z,1277344791,1279332784312541,1289962306492916,108.0
1789763215,2026-09-18T20:26:55Z,1277344791,1279332784312541,1290024343281541,108.0
1789763276,2026-09-18T20:27:56Z,1277344791,1279332784312541,1290085815133583,108.0
1789763338,2026-09-18T20:28:58Z,1277344791,1279332784312541,1290147297644125,108.0
1789763399,2026-09-18T20:29:59Z,1277344791,1279332784312541,1290208775615083,108.0
1789763461,2026-09-18T20:31:01Z,1277344791,1279332784312541,1290270459224958,108.0
1789763523,2026-09-18T20:32:03Z,1277344791,1279332784312541,1290331953062916,108.0
1789763584,2026-09-18T20:33:04Z,1277344791,1279332784312541,1290393420405791,108.0
1789763646,2026-09-18T20:34:06Z,1277344791,1279332784312541,1290454862292208,108.0
1789763707,2026-09-18T20:35:07Z,1277344791,1279332784312541,1290516399642166,108.0
1789763769,2026-09-18T20:36:09Z,1277344791,1279332784312541,1290578007132500,108.0
1789763830,2026-09-18T20:37:10Z,1277344791,1279332784312541,1290639625924083,108.0
1789763893,2026-09-18T20:38:13Z,1277344791,1279332784312541,1290702519562916,108.0
1789763957,2026-09-18T20:39:17Z,1277344791,1279332784312541,1290766819306291,108.0
1789764019,2026-09-18T20:40:19Z,1277344791,1279332784312541,1290828373119375,108.0
1789764080,2026-09-18T20:41:20Z,1277344791,1279332784312541,1290889830820041,108.0
1789764142,2026-09-18T20:42:22Z,1277344791,1279332784312541,1290951298639000,108.0
1789764204,2026-09-18T20:43:24Z,1277344791,1279332784312541,1291012847801375,108.0
1789764265,2026-09-18T20:44:25Z,1277344791,1279332784312541,1291074421408666,108.0
1789764327,2026-09-18T20:45:27Z,1277344791,1279332784312541,1291135999723333,108.0
1789764388,2026-09-18T20:46:28Z,1277344791,1279332784312541,1291197525784125,108.0
1789764450,2026-09-18T20:47:30Z,1277344791,1279332784312541,1291259046545333,108.0
1789764511,2026-09-18T20:48:31Z,1277344791,1279332784312541,1291320405039083,108.0
1789764572,2026-09-18T20:49:32Z,1277344791,1279332784312541,1291381721116125,108.0
1789764634,2026-09-18T20:50:34Z,1277344791,1279332784312541,1291443107673875,108.0
1789764695,2026-09-18T20:51:35Z,1277344791,1279332784312541,1291504467140583,108.0
1789764757,2026-09-18T20:52:37Z,1277344791,1279332784312541,1291565796141125,108.0
1789764818,2026-09-18T20:53:38Z,1277344791,1279332784312541,1291627142782166,108.0
1789764879,2026-09-18T20:54:39Z,1277344791,1279332784312541,1291688564411833,108.0
1789764941,2026-09-18T20:55:41Z,1277344791,1279332784312541,1291749928567416,108.0
1789765002,2026-09-18T20:56:42Z,1277344791,1279332784312541,1291811288422833,108.0
1789765063,2026-09-18T20:57:43Z,1277344791,1279332784312541,1291872644945166,108.0
1789765125,2026-09-18T20:58:45Z,1277344791,1279332784312541,1291933949859500,108.0
1789765186,2026-09-18T20:59:46Z,1277344791,1279332784312541,1291995302005416,108.0
1789765247,2026-09-18T21:00:47Z,1277344791,1279332784312541,1292056714190250,108.0
1789765309,2026-09-18T21:01:49Z,1277344791,1279332784312541,1292118071531791,108.0
1789765370,2026-09-18T21:02:50Z,1277344791,1279332784312541,1292179418195833,108.0
1789765432,2026-09-18T21:03:52Z,1277344791,1279332784312541,1292240782571541,108.0
1789765493,2026-09-18T21:04:53Z,1277344791,1279332784312541,1292302220425375,108.0
1789765554,2026-09-18T21:05:54Z,1277344791,1279332784312541,1292363638224708,108.0
1789765616,2026-09-18T21:06:56Z,1277344791,1279332784312541,1292425177204625,108.0
1789765677,2026-09-18T21:07:57Z,1277344791,1279332784312541,1292486731851208,108.0
1789765739,2026-09-18T21:08:59Z,1277344791,1279332784312541,1292548300534666,108.0
1789765801,2026-09-18T21:10:01Z,1277344791,1279332784312541,1292609894377875,108.0
1789765862,2026-09-18T21:11:02Z,1277344791,1279332784312541,1292671595489833,108.0
1789765924,2026-09-18T21:12:04Z,1277344791,1279332784312541,1292733099861416,108.0
1789765985,2026-09-18T21:13:05Z,1277344791,1279332784312541,1292794761307666,108.0
1789766047,2026-09-18T21:14:07Z,1277344791,1279332784312541,1292856427123041,108.0
1789766109,2026-09-18T21:15:09Z,1277344791,1279332784312541,1292917992985916,108.0
1789766170,2026-09-18T21:16:10Z,1277344791,1279332784312541,1292979414524875,108.0
1789766232,2026-09-18T21:17:12Z,1277344791,1279332784312541,1293040835808500,108.0
1789766293,2026-09-18T21:18:13Z,1277344791,1279332784312541,1293102218408333,108.0
1789766354,2026-09-18T21:19:14Z,1277344791,1279332784312541,1293163594141541,108.0
1789766416,2026-09-18T21:20:16Z,1277344791,1279332784312541,1293224957770791,108.0
1789766477,2026-09-18T21:21:17Z,1277344791,1279332784312541,1293286317013750,108.0
1789766539,2026-09-18T21:22:19Z,1277344791,1279332784312541,1293347763722666,108.0
1789766600,2026-09-18T21:23:20Z,1277344791,1279332784312541,1293409189279333,108.0
1789766661,2026-09-18T21:24:21Z,1277344791,1279332784312541,1293470693187875,108.0
1789766723,2026-09-18T21:25:23Z,1277344791,1279332784312541,1293532202463291,108.0
1789766785,2026-09-18T21:26:25Z,1277344791,1279332784312541,1293593780171083,108.0
1789766846,2026-09-18T21:27:26Z,1277344791,1279332784312541,1293655365987333,108.0
1789766908,2026-09-18T21:28:28Z,1277344791,1279332784312541,1293716846968458,108.0
1789766969,2026-09-18T21:29:29Z,1277344791,1279332784312541,1293778249666375,108.0
1789767030,2026-09-18T21:30:30Z,1277344791,1279332784312541,1293839666889916,108.0
1789767092,2026-09-18T21:31:32Z,1277344791,1279332784312541,1293901102352625,108.0
1789767153,2026-09-18T21:32:33Z,1277344791,1279332784312541,1293962480004875,108.0
1789767215,2026-09-18T21:33:35Z,1277344791,1279332784312541,1294023840398375,108.0
1789767276,2026-09-18T21:34:36Z,1277344791,1279332784312541,1294085178821666,108.0
1789767337,2026-09-18T21:35:37Z,1277344791,1279332784312541,1294146553822958,108.0
1789767399,2026-09-18T21:36:39Z,1277344791,1279332784312541,1294208062545583,108.0
1789767460,2026-09-18T21:37:40Z,1277344791,1279332784312541,1294269721295041,108.0
1789767522,2026-09-18T21:38:42Z,1277344791,1279332784312541,1294331266416583,108.0
1789767584,2026-09-18T21:39:44Z,1277344791,1279332784312541,1294392752956708,108.0
1789767645,2026-09-18T21:40:45Z,1277344791,1279332784312541,1294454205867166,108.0
1789767706,2026-09-18T21:41:46Z,1277344791,1279332784312541,1294515571618083,108.0
1789767768,2026-09-18T21:42:48Z,1277344791,1279332784312541,1294576917578208,108.0
1789767829,2026-09-18T21:43:49Z,1277344791,1279332784312541,1294638363331791,108.0
1789767891,2026-09-18T21:44:51Z,1277344791,1279332784312541,1294699868232666,108.0
1789767952,2026-09-18T21:45:52Z,1277344791,1279332784312541,1294761339336125,108.0
1789768013,2026-09-18T21:46:53Z,1277344791,1279332784312541,1294822768763833,108.0
1789768075,2026-09-18T21:47:55Z,1277344791,1279332784312541,1294884201709333,108.0
1789768136,2026-09-18T21:48:56Z,1277344791,1279332784312541,1294945551793833,108.0
1789768198,2026-09-18T21:49:58Z,1277344791,1279332784312541,1295006929689291,108.0
1789768259,2026-09-18T21:50:59Z,1277344791,1279332784312541,1295068424307041,108.0
1789768321,2026-09-18T21:52:01Z,1277344791,1279332784312541,1295130016895083,108.0
1789768382,2026-09-18T21:53:02Z,1277344791,1279332784312541,1295191515196333,108.0
1789768444,2026-09-18T21:54:04Z,1277344791,1279332784312541,1295252907482791,108.0
1789768505,2026-09-18T21:55:05Z,1277344791,1279332784312541,1295314296459625,108.0
1789768566,2026-09-18T21:56:06Z,1277344791,1279332784312541,1295375685257833,108.0
1789768628,2026-09-18T21:57:08Z,1277344791,1279332784312541,1295437093354208,108.0
1789768689,2026-09-18T21:58:09Z,1277344791,1279332784312541,1295498450470458,108.0
1789768751,2026-09-18T21:59:11Z,1277344791,1279332784312541,1295559857426791,108.0
1789768812,2026-09-18T22:00:12Z,1277344791,1279332784312541,1295621246254000,108.0
1789768873,2026-09-18T22:01:13Z,1277344791,1279332784312541,1295682614392625,108.0
1789768935,2026-09-18T22:02:15Z,1277344791,1279332784312541,1295743957602708,108.0
1789768996,2026-09-18T22:03:16Z,1277344791,1279332784312541,1295805345047458,108.0
1789769057,2026-09-18T22:04:17Z,1277344791,1279332784312541,1295866744186041,108.0
1789769119,2026-09-18T22:05:19Z,1277344791,1279332784312541,1295928135466166,108.0
1789769180,2026-09-18T22:06:20Z,1277344791,1279332784312541,1295989531577916,108.0
1789769242,2026-09-18T22:07:22Z,1277344791,1279332784312541,1296050903035666,108.0
1789769303,2026-09-18T22:08:23Z,1277344791,1279332784312541,1296112313967458,108.0
1789769364,2026-09-18T22:09:24Z,1277344791,1279332784312541,1296173713595708,108.0
1789769426,2026-09-18T22:10:26Z,1277344791,1279332784312541,1296235166026375,108.0
1789769487,2026-09-18T22:11:27Z,1277344791,1279332784312541,1296296688315333,108.0
1789769549,2026-09-18T22:12:29Z,1277344791,1279332784312541,1296358058281458,108.0
1789769610,2026-09-18T22:13:30Z,1277344791,1279332784312541,1296419449577083,108.0
1789769671,2026-09-18T22:14:31Z,1277344791,1279332784312541,1296480831861750,108.0
1789769733,2026-09-18T22:15:33Z,1277344791,1279332784312541,1296542202983083,108.0
1789769794,2026-09-18T22:16:34Z,1277344791,1279332784312541,1296603593683750,108.0
1789769856,2026-09-18T22:17:36Z,1277344791,1279332784312541,1296665001428958,108.0
1789769917,2026-09-18T22:18:37Z,1277344791,1279332784312541,1296726381265708,108.0
1789769979,2026-09-18T22:19:39Z,1277344791,1279332784312541,1296787841847375,108.0
1789770040,2026-09-18T22:20:40Z,1277344791,1279332784312541,1296849251843458,108.0
1789770101,2026-09-18T22:21:41Z,1277344791,1279332784312541,1296910668042250,108.0
1789770163,2026-09-18T22:22:43Z,1277344791,1279332784312541,1296972107623875,108.0
1789770224,2026-09-18T22:23:44Z,1277344791,1279332784312541,1297033505661583,108.0
1789770286,2026-09-18T22:24:46Z,1277344791,1279332784312541,1297094868817750,108.0
1789770347,2026-09-18T22:25:47Z,1277344791,1279332784312541,1297156268471833,108.0
1789770408,2026-09-18T22:26:48Z,1277344791,1279332784312541,1297217755027666,108.0
1789770470,2026-09-18T22:27:50Z,1277344791,1279332784312541,1297279251385958,108.0
1789770531,2026-09-18T22:28:51Z,1277344791,1279332784312541,1297340696580166,108.0
1789770593,2026-09-18T22:29:53Z,1277344791,1279332784312541,1297402062512833,108.0
1789770654,2026-09-18T22:30:54Z,1277344791,1279332784312541,1297463463096375,108.0
1789770716,2026-09-18T22:31:56Z,1277344791,1279332784312541,1297524891106375,108.0
1789770777,2026-09-18T22:32:57Z,1277344791,1279332784312541,1297586298356250,108.0
1789770838,2026-09-18T22:33:58Z,1277344791,1279332784312541,1297647710202875,108.0
1789770900,2026-09-18T22:35:00Z,1277344791,1279332784312541,1297709120853125,108.0
1789770961,2026-09-18T22:36:01Z,1277344791,1279332784312541,1297770530152291,108.0
1789771023,2026-09-18T22:37:03Z,1277344791,1279332784312541,1297831938961083,108.0
1789771084,2026-09-18T22:38:04Z,1277344791,1279332784312541,1297893370325916,108.0
1789771145,2026-09-18T22:39:05Z,1277344791,1279332784312541,1297954764958541,108.0
1789771207,2026-09-18T22:40:07Z,1277344791,1279332784312541,1298016129057208,108.0
1789771268,2026-09-18T22:41:08Z,1277344791,1279332784312541,1298077629101500,108.0
1789771330,2026-09-18T22:42:10Z,1277344791,1279332784312541,1298139066811583,108.0
1789771391,2026-09-18T22:43:11Z,1277344791,1279332784312541,1298200539007541,108.0
1789771453,2026-09-18T22:44:13Z,1277344791,1279332784312541,1298261946956166,108.0
1789771514,2026-09-18T22:45:14Z,1277344791,1279332784312541,1298323375778708,108.0
1789771576,2026-09-18T22:46:16Z,1277344791,1279332784312541,1298384797075291,108.0
1789771637,2026-09-18T22:47:17Z,1277344791,1279332784312541,1298446207787625,108.0
1789771698,2026-09-18T22:48:18Z,1277344791,1279332784312541,1298507678101583,108.0
1789771760,2026-09-18T22:49:20Z,1277344791,1279332784312541,1298569094517958,108.0
1789771821,2026-09-18T22:50:21Z,1277344791,1279332784312541,1298630470989791,108.0
1789771883,2026-09-18T22:51:23Z,1277344791,1279332784312541,1298691901192291,108.0
1789771944,2026-09-18T22:52:24Z,1277344791,1279332784312541,1298753325651833,108.0
1789772006,2026-09-18T22:53:26Z,1277344791,1279332784312541,1298814785176666,108.0
1789772067,2026-09-18T22:54:27Z,1277344791,1279332784312541,1298876260723291,108.0
1789772129,2026-09-18T22:55:29Z,1277344791,1279332784312541,1298937834741750,108.0
1789772190,2026-09-18T22:56:30Z,1277344791,1279332784312541,1298999247470666,108.0
1789772251,2026-09-18T22:57:31Z,1277344791,1279332784312541,1299060730596500,108.0
1789772313,2026-09-18T22:58:33Z,1277344791,1279332784312541,1299122103603791,108.0
1789772374,2026-09-18T22:59:34Z,1277344791,1279332784312541,1299183503888875,108.0
1789772436,2026-09-18T23:00:36Z,1277344791,1279332784312541,1299244925076291,108.0
1789772497,2026-09-18T23:01:37Z,1277344791,1279332784312541,1299306351414458,108.0
1789772558,2026-09-18T23:02:38Z,1277344791,1279332784312541,1299367708154083,108.0
1789772620,2026-09-18T23:03:40Z,1277344791,1279332784312541,1299429108497500,108.0
1789772681,2026-09-18T23:04:41Z,1277344791,1279332784312541,1299490450864375,108.0
1789772743,2026-09-18T23:05:43Z,1277344791,1279332784312541,1299551861187166,108.0
1789772804,2026-09-18T23:06:44Z,1277344791,1279332784312541,1299613263293375,108.0
1789772865,2026-09-18T23:07:45Z,1277344791,1279332784312541,1299674664396666,108.0
1789772927,2026-09-18T23:08:47Z,1277344791,1279332784312541,1299736028418958,108.0
1789772988,2026-09-18T23:09:48Z,1277344791,1279332784312541,1299797443323083,108.0
1789773050,2026-09-18T23:10:50Z,1277344791,1279332784312541,1299858847258250,108.0
1789773111,2026-09-18T23:11:51Z,1277344791,1279332784312541,1299920265945791,108.0
1789773172,2026-09-18T23:12:52Z,1277344791,1279332784312541,1299981685448083,108.0
1789773234,2026-09-18T23:13:54Z,1277344791,1279332784312541,1300043087126166,108.0
1789773295,2026-09-18T23:14:55Z,1277344791,1279332784312541,1300104511377416,108.0
1789773357,2026-09-18T23:15:57Z,1277344791,1279332784312541,1300165915742208,108.0
1789773418,2026-09-18T23:16:58Z,1277344791,1279332784312541,1300227322139750,108.0
1789773479,2026-09-18T23:17:59Z,1277344791,1279332784312541,1300288742609291,108.0
1789773541,2026-09-18T23:19:01Z,1277344791,1279332784312541,1300350169008125,108.0
1789773602,2026-09-18T23:20:02Z,1277344791,1279332784312541,1300411607414375,108.0
1789773664,2026-09-18T23:21:04Z,1277344791,1279332784312541,1300473033947958,108.0
1789773725,2026-09-18T23:22:05Z,1277344791,1279332784312541,1300534443410250,108.0
1789773787,2026-09-18T23:23:07Z,1277344791,1279332784312541,1300595879705875,108.0
1789773848,2026-09-18T23:24:08Z,1277344791,1279332784312541,1300657332360583,108.0
1789773909,2026-09-18T23:25:09Z,1277344791,1279332784312541,1300718737246000,108.0
1789773971,2026-09-18T23:26:11Z,1277344791,1279332784312541,1300780171676291,108.0
1789774032,2026-09-18T23:27:12Z,1277344791,1279332784312541,1300841581961708,108.0
1789774094,2026-09-18T23:28:14Z,1277344791,1279332784312541,1300902950047625,108.0
1789774155,2026-09-18T23:29:15Z,1277344791,1279332784312541,1300964436741000,108.0
1789774217,2026-09-18T23:30:17Z,1277344791,1279332784312541,1301025869540041,108.0
1789774278,2026-09-18T23:31:18Z,1277344791,1279332784312541,1301087338160916,108.0
1789774340,2026-09-18T23:32:20Z,1277344791,1279332784312541,1301148842509166,108.0
1789774401,2026-09-18T23:33:21Z,1277344791,1279332784312541,1301210271227958,108.0
1789774462,2026-09-18T23:34:22Z,1277344791,1279332784312541,1301271640538708,108.0
1789774524,2026-09-18T23:35:24Z,1277344791,1279332784312541,1301333023548250,108.0
1789774585,2026-09-18T23:36:25Z,1277344791,1279332784312541,1301394441390916,108.0
1789774647,2026-09-18T23:37:27Z,1277344791,1279332784312541,1301455864845041,108.0
1789774708,2026-09-18T23:38:28Z,1277344791,1279332784312541,1301517266836041,108.0
1789774769,2026-09-18T23:39:29Z,1277344791,1279332784312541,1301578673058583,108.0
1789774831,2026-09-18T23:40:31Z,1277344791,1279332784312541,1301640103940916,108.0
1789774892,2026-09-18T23:41:32Z,1277344791,1279332784312541,1301701466367500,108.0
1789774954,2026-09-18T23:42:34Z,1277344791,1279332784312541,1301762840141250,108.0
1789775015,2026-09-18T23:43:35Z,1277344791,1279332784312541,1301824239259541,108.0
1789775076,2026-09-18T23:44:36Z,1277344791,1279332784312541,1301885617629250,108.0
1789775138,2026-09-18T23:45:38Z,1277344791,1279332784312541,1301947006230916,108.0
1789775199,2026-09-18T23:46:39Z,1277344791,1279332784312541,1302008386451125,108.0
1789775260,2026-09-18T23:47:40Z,1277344791,1279332784312541,1302069768482250,108.0
1789775322,2026-09-18T23:48:42Z,1277344791,1279332784312541,1302131122475791,108.0
1789775383,2026-09-18T23:49:43Z,1277344791,1279332784312541,1302192512741750,108.0
1789775445,2026-09-18T23:50:45Z,1277344791,1279332784312541,1302253899019375,108.0
1789775506,2026-09-18T23:51:46Z,1277344791,1279332784312541,1302315293379291,108.0
1789775567,2026-09-18T23:52:47Z,1277344791,1279332784312541,1302376749403416,108.0
1789775629,2026-09-18T23:53:49Z,1277344791,1279332784312541,1302438152197625,108.0
1789775690,2026-09-18T23:54:50Z,1277344791,1279332784312541,1302499526921958,108.0
1789775752,2026-09-18T23:55:52Z,1277344791,1279332784312541,1302560936409208,108.0
1789775813,2026-09-18T23:56:53Z,1277344791,1279332784312541,1302622331519416,108.0
1789775874,2026-09-18T23:57:54Z,1277344791,1279332784312541,1302683734933750,108.0
1789775936,2026-09-18T23:58:56Z,1277344791,1279332784312541,1302745098067750,108.0
1789775997,2026-09-18T23:59:57Z,1277344791,1279332784312541,1302806504764208,108.0
1789776059,2026-09-19T00:00:59Z,1277344791,1279332784312541,1302867918541041,108.0
1789776120,2026-09-19T00:02:00Z,1277344791,1279332784312541,1302929314656750,108.0
1789776181,2026-09-19T00:03:01Z,1277344791,1279332784312541,1302990720112833,108.0
1789776243,2026-09-19T00:04:03Z,1277344791,1279332784312541,1303052085353416,108.0
1789776304,2026-09-19T00:05:04Z,1277344791,1279332784312541,1303113453023000,108.0
1789776366,2026-09-19T00:06:06Z,1277344791,1279332784312541,1303174853482541,108.0
1789776427,2026-09-19T00:07:07Z,1277344791,1279332784312541,1303236265028333,108.0
1789776488,2026-09-19T00:08:08Z,1277344791,1279332784312541,1303297644386916,108.0
1789776550,2026-09-19T00:09:10Z,1277344791,1279332784312541,1303359035110333,108.0
1789776611,2026-09-19T00:10:11Z,1277344791,1279332784312541,1303420460768500,108.0
1789776673,2026-09-19T00:11:13Z,1277344791,1279332784312541,1303481853974208,108.0
1789776734,2026-09-19T00:12:14Z,1277344791,1279332784312541,1303543245464958,108.0
1789776795,2026-09-19T00:13:15Z,1277344791,1279332784312541,1303604656786583,108.0
1789776857,2026-09-19T00:14:17Z,1277344791,1279332784312541,1303666044252833,108.0
1789776918,2026-09-19T00:15:18Z,1277344791,1279332784312541,1303727506713666,108.0
1789776980,2026-09-19T00:16:20Z,1277344791,1279332784312541,1303788954097708,108.0
1789777041,2026-09-19T00:17:21Z,1277344791,1279332784312541,1303850342485916,108.0
1789777102,2026-09-19T00:18:22Z,1277344791,1279332784312541,1303911731538333,108.0
1789777164,2026-09-19T00:19:24Z,1277344791,1279332784312541,1303973116103375,108.0
1789777225,2026-09-19T00:20:25Z,1277344791,1279332784312541,1304034511897875,108.0
1789777287,2026-09-19T00:21:27Z,1277344791,1279332784312541,1304095931122291,108.0
1789777348,2026-09-19T00:22:28Z,1277344791,1279332784312541,1304157364069875,108.0
1789777409,2026-09-19T00:23:29Z,1277344791,1279332784312541,1304218761870625,108.0
1789777471,2026-09-19T00:24:31Z,1277344791,1279332784312541,1304280192080333,108.0
1789777532,2026-09-19T00:25:32Z,1277344791,1279332784312541,1304341606018250,108.0
1789777594,2026-09-19T00:26:34Z,1277344791,1279332784312541,1304403020701291,108.0
1789777655,2026-09-19T00:27:35Z,1277344791,1279332784312541,1304464422388541,108.0
1789777717,2026-09-19T00:28:37Z,1277344791,1279332784312541,1304525783341791,108.0
1789777778,2026-09-19T00:29:38Z,1277344791,1279332784312541,1304587177122958,108.0
1789777839,2026-09-19T00:30:39Z,1277344791,1279332784312541,1304648601108000,108.0
1789777901,2026-09-19T00:31:41Z,1277344791,1279332784312541,1304710009940333,108.0
1789777962,2026-09-19T00:32:42Z,1277344791,1279332784312541,1304771383605583,108.0
1789778023,2026-09-19T00:33:43Z,1277344791,1279332784312541,1304832710571791,108.0
1789778085,2026-09-19T00:34:45Z,1277344791,1279332784312541,1304894117491000,108.0
1789778146,2026-09-19T00:35:46Z,1277344791,1279332784312541,1304955505601958,108.0
1789778208,2026-09-19T00:36:48Z,1277344791,1279332784312541,1305016906057625,108.0
1789778269,2026-09-19T00:37:49Z,1277344791,1279332784312541,1305078312327958,108.0
1789778330,2026-09-19T00:38:50Z,1277344791,1279332784312541,1305139728312500,108.0
1789778392,2026-09-19T00:39:52Z,1277344791,1279332784312541,1305201185905208,108.0
1789778453,2026-09-19T00:40:53Z,1277344791,1279332784312541,1305262596104541,108.0
1789778515,2026-09-19T00:41:55Z,1277344791,1279332784312541,1305324016370291,108.0
1789778576,2026-09-19T00:42:56Z,1277344791,1279332784312541,1305385404343666,108.0
1789778638,2026-09-19T00:43:58Z,1277344791,1279332784312541,1305446833465708,108.0
1789778699,2026-09-19T00:44:59Z,1277344791,1279332784312541,1305508243699333,108.0
1789778760,2026-09-19T00:46:00Z,1277344791,1279332784312541,1305569626158458,108.0
1789778822,2026-09-19T00:47:02Z,1277344791,1279332784312541,1305631049055250,108.0
1789778883,2026-09-19T00:48:03Z,1277344791,1279332784312541,1305692455978166,108.0
1789778945,2026-09-19T00:49:05Z,1277344791,1279332784312541,1305753868133166,108.0
1789779006,2026-09-19T00:50:06Z,1277344791,1279332784312541,1305815285468500,108.0
1789779067,2026-09-19T00:51:07Z,1277344791,1279332784312541,1305876670675500,108.0
1789779129,2026-09-19T00:52:09Z,1277344791,1279332784312541,1305938086611666,108.0
1789779190,2026-09-19T00:53:10Z,1277344791,1279332784312541,1305999529230375,108.0
1789779252,2026-09-19T00:54:12Z,1277344791,1279332784312541,1306060927628375,108.0
1789779313,2026-09-19T00:55:13Z,1277344791,1279332784312541,1306122323841833,108.0
1789779374,2026-09-19T00:56:14Z,1277344791,1279332784312541,1306183738661750,108.0
1789779436,2026-09-19T00:57:16Z,1277344791,1279332784312541,1306245099369041,108.0
1789779497,2026-09-19T00:58:17Z,1277344791,1279332784312541,1306306484031541,108.0
1789779559,2026-09-19T00:59:19Z,1277344791,1279332784312541,1306367869083250,108.0
1789779620,2026-09-19T01:00:20Z,1277344791,1279332784312541,1306429258899625,108.0
1789779681,2026-09-19T01:01:21Z,1277344791,1279332784312541,1306490743168541,108.0
1789779743,2026-09-19T01:02:23Z,1277344791,1279332784312541,1306552230566625,108.0
1789779804,2026-09-19T01:03:24Z,1277344791,1279332784312541,1306613604023625,108.0
1789779866,2026-09-19T01:04:26Z,1277344791,1279332784312541,1306675143410333,108.0
1789779927,2026-09-19T01:05:27Z,1277344791,1279332784312541,1306736546087458,108.0
1789779989,2026-09-19T01:06:29Z,1277344791,1279332784312541,1306797954620041,108.0
1789780050,2026-09-19T01:07:30Z,1277344791,1279332784312541,1306859358834916,108.0
1789780111,2026-09-19T01:08:31Z,1277344791,1279332784312541,1306920772201708,108.0
1789780173,2026-09-19T01:09:33Z,1277344791,1279332784312541,1306982143171041,108.0
1789780234,2026-09-19T01:10:34Z,1277344791,1279332784312541,1307043533192750,108.0
1789780296,2026-09-19T01:11:36Z,1277344791,1279332784312541,1307104938335083,108.0
1789780357,2026-09-19T01:12:37Z,1277344791,1279332784312541,1307166349472833,108.0
1789780418,2026-09-19T01:13:38Z,1277344791,1279332784312541,1307227689231041,108.0
1789780480,2026-09-19T01:14:40Z,1277344791,1279332784312541,1307289124431708,108.0
1789780541,2026-09-19T01:15:41Z,1277344791,1279332784312541,1307350639849416,108.0
1789780603,2026-09-19T01:16:43Z,1277344791,1279332784312541,1307412052732250,108.0
1789780664,2026-09-19T01:17:44Z,1277344791,1279332784312541,1307473449864041,108.0
1789780726,2026-09-19T01:18:46Z,1277344791,1279332784312541,1307534854962375,108.0
1789780787,2026-09-19T01:19:47Z,1277344791,1279332784312541,1307596315043583,108.0
1789780848,2026-09-19T01:20:48Z,1277344791,1279332784312541,1307657719473375,108.0
1789780910,2026-09-19T01:21:50Z,1277344791,1279332784312541,1307719218184375,108.0
1789780971,2026-09-19T01:22:51Z,1277344791,1279332784312541,1307780594961833,108.0
1789781033,2026-09-19T01:23:53Z,1277344791,1279332784312541,1307842027680750,108.0
1789781094,2026-09-19T01:24:54Z,1277344791,1279332784312541,1307903453727583,108.0
1789781156,2026-09-19T01:25:56Z,1277344791,1279332784312541,1307964999564416,108.0
1789781217,2026-09-19T01:26:57Z,1277344791,1279332784312541,1308026494034833,108.0
1789781279,2026-09-19T01:27:59Z,1277344791,1279332784312541,1308087928558333,108.0
1789781340,2026-09-19T01:29:00Z,1277344791,1279332784312541,1308149313265625,108.0
1789781401,2026-09-19T01:30:01Z,1277344791,1279332784312541,1308210696366625,108.0
1789781463,2026-09-19T01:31:03Z,1277344791,1279332784312541,1308272077283416,108.0
1789781524,2026-09-19T01:32:04Z,1277344791,1279332784312541,1308333462622250,108.0
1789781586,2026-09-19T01:33:06Z,1277344791,1279332784312541,1308394834981333,108.0
1789781647,2026-09-19T01:34:07Z,1277344791,1279332784312541,1308456210871875,108.0
1789781708,2026-09-19T01:35:08Z,1277344791,1279332784312541,1308517719719791,108.0
1789781770,2026-09-19T01:36:10Z,1277344791,1279332784312541,1308579117171666,108.0
1789781831,2026-09-19T01:37:11Z,1277344791,1279332784312541,1308640523703916,108.0
1789781893,2026-09-19T01:38:13Z,1277344791,1279332784312541,1308701949202541,108.0
1789781954,2026-09-19T01:39:14Z,1277344791,1279332784312541,1308763322820833,108.0
1789782015,2026-09-19T01:40:15Z,1277344791,1279332784312541,1308824722015583,108.0
1789782077,2026-09-19T01:41:17Z,1277344791,1279332784312541,1308886083803125,108.0
1789782138,2026-09-19T01:42:18Z,1277344791,1279332784312541,1308947474941041,108.0
1789782200,2026-09-19T01:43:20Z,1277344791,1279332784312541,1309008901322291,108.0
1789782261,2026-09-19T01:44:21Z,1277344791,1279332784312541,1309070312426750,108.0
1789782322,2026-09-19T01:45:22Z,1277344791,1279332784312541,1309131711476666,108.0
1789782384,2026-09-19T01:46:24Z,1277344791,1279332784312541,1309193098603708,108.0
1789782445,2026-09-19T01:47:25Z,1277344791,1279332784312541,1309254552778250,108.0
1789782507,2026-09-19T01:48:27Z,1277344791,1279332784312541,1309315950047291,108.0
1789782568,2026-09-19T01:49:28Z,1277344791,1279332784312541,1309377405141958,108.0
1789782630,2026-09-19T01:50:30Z,1277344791,1279332784312541,1309438814437500,108.0
1789782691,2026-09-19T01:51:31Z,1277344791,1279332784312541,1309500207038833,108.0
1789782752,2026-09-19T01:52:32Z,1277344791,1279332784312541,1309561587071791,108.0
1789782814,2026-09-19T01:53:34Z,1277344791,1279332784312541,1309622989105083,108.0
1789782875,2026-09-19T01:54:35Z,1277344791,1279332784312541,1309684364705416,108.0
1789782937,2026-09-19T01:55:37Z,1277344791,1279332784312541,1309745762333416,108.0
1789782998,2026-09-19T01:56:38Z,1277344791,1279332784312541,1309807141514916,108.0
1789783059,2026-09-19T01:57:39Z,1277344791,1279332784312541,1309868534200416,108.0
1789783121,2026-09-19T01:58:41Z,1277344791,1279332784312541,1309929938701458,108.0
1789783182,2026-09-19T01:59:42Z,1277344791,1279332784312541,1309991268831583,108.0
1789783243,2026-09-19T02:00:43Z,1277344791,1279332784312541,1310052684057750,108.0
1789783305,2026-09-19T02:01:45Z,1277344791,1279332784312541,1310114101783583,108.0
1789783366,2026-09-19T02:02:46Z,1277344791,1279332784312541,1310175485426666,108.0
1789783428,2026-09-19T02:03:48Z,1277344791,1279332784312541,1310236905225958,108.0
1789783489,2026-09-19T02:04:49Z,1277344791,1279332784312541,1310298337179708,108.0
1789783551,2026-09-19T02:05:51Z,1277344791,1279332784312541,1310359781887458,108.0
1789783612,2026-09-19T02:06:52Z,1277344791,1279332784312541,1310421199099166,108.0
1789783673,2026-09-19T02:07:53Z,1277344791,1279332784312541,1310482571792125,108.0
1789783735,2026-09-19T02:08:55Z,1277344791,1279332784312541,1310543981825625,108.0
1789783796,2026-09-19T02:09:56Z,1277344791,1279332784312541,1310605398475125,108.0
1789783858,2026-09-19T02:10:58Z,1277344791,1279332784312541,1310666812856708,108.0
1789783919,2026-09-19T02:11:59Z,1277344791,1279332784312541,1310728175746166,108.0
1789783980,2026-09-19T02:13:00Z,1277344791,1279332784312541,1310789557519625,108.0
1789784042,2026-09-19T02:14:02Z,1277344791,1279332784312541,1310850968610875,108.0
1789784103,2026-09-19T02:15:03Z,1277344791,1279332784312541,1310912362833291,108.0
1789784165,2026-09-19T02:16:05Z,1277344791,1279332784312541,1310973803017750,108.0
1789784226,2026-09-19T02:17:06Z,1277344791,1279332784312541,1311035201404083,108.0
1789784287,2026-09-19T02:18:07Z,1277344791,1279332784312541,1311096560915416,108.0
1789784349,2026-09-19T02:19:09Z,1277344791,1279332784312541,1311157973764708,108.0
1789784410,2026-09-19T02:20:10Z,1277344791,1279332784312541,1311219384683625,108.0
1789784472,2026-09-19T02:21:12Z,1277344791,1279332784312541,1311280791742875,108.0
1789784533,2026-09-19T02:22:13Z,1277344791,1279332784312541,1311342180582791,108.0
1789784594,2026-09-19T02:23:14Z,1277344791,1279332784312541,1311403589183916,108.0
1789784656,2026-09-19T02:24:16Z,1277344791,1279332784312541,1311465012504208,108.0
1789784717,2026-09-19T02:25:17Z,1277344791,1279332784312541,1311526418523000,108.0
1789784779,2026-09-19T02:26:19Z,1277344791,1279332784312541,1311587809737750,108.0
1789784840,2026-09-19T02:27:20Z,1277344791,1279332784312541,1311649217681958,108.0
1789784901,2026-09-19T02:28:21Z,1277344791,1279332784312541,1311710618759166,108.0
1789784963,2026-09-19T02:29:23Z,1277344791,1279332784312541,1311772024164125,108.0
1789785024,2026-09-19T02:30:24Z,1277344791,1279332784312541,1311833445456458,108.0
1789785086,2026-09-19T02:31:26Z,1277344791,1279332784312541,1311894971664875,108.0
1789785147,2026-09-19T02:32:27Z,1277344791,1279332784312541,1311956422935291,108.0
1789785209,2026-09-19T02:33:29Z,1277344791,1279332784312541,1312017800317750,108.0
1789785270,2026-09-19T02:34:30Z,1277344791,1279332784312541,1312079201610166,108.0
1789785331,2026-09-19T02:35:31Z,1277344791,1279332784312541,1312140610063375,108.0
1789785393,2026-09-19T02:36:33Z,1277344791,1279332784312541,1312202037839416,108.0
1789785454,2026-09-19T02:37:34Z,1277344791,1279332784312541,1312263419455583,108.0
1789785515,2026-09-19T02:38:35Z,1277344791,1279332784312541,1312324776522458,108.0
1789785577,2026-09-19T02:39:37Z,1277344791,1279332784312541,1312386209001458,108.0
1789785638,2026-09-19T02:40:38Z,1277344791,1279332784312541,1312447609249083,108.0
1789785700,2026-09-19T02:41:40Z,1277344791,1279332784312541,1312509037686916,108.0
1789785761,2026-09-19T02:42:41Z,1277344791,1279332784312541,1312570478901250,108.0
1789785823,2026-09-19T02:43:43Z,1277344791,1279332784312541,1312631918760166,108.0
1789785884,2026-09-19T02:44:44Z,1277344791,1279332784312541,1312693392281208,108.0
1789785946,2026-09-19T02:45:46Z,1277344791,1279332784312541,1312754879576375,108.0
1789786007,2026-09-19T02:46:47Z,1277344791,1279332784312541,1312816305481958,108.0
1789786068,2026-09-19T02:47:48Z,1277344791,1279332784312541,1312877714139166,108.0
1789786130,2026-09-19T02:48:50Z,1277344791,1279332784312541,1312939114147166,108.0
1789786191,2026-09-19T02:49:51Z,1277344791,1279332784312541,1313000537859166,108.0
1789786253,2026-09-19T02:50:53Z,1277344791,1279332784312541,1313062048383916,108.0
1789786314,2026-09-19T02:51:54Z,1277344791,1279332784312541,1313123452251500,108.0
1789786376,2026-09-19T02:52:56Z,1277344791,1279332784312541,1313184887826750,108.0
1789786437,2026-09-19T02:53:57Z,1277344791,1279332784312541,1313246296437958,108.0
1789786498,2026-09-19T02:54:58Z,1277344791,1279332784312541,1313307670953708,108.0
1789786560,2026-09-19T02:56:00Z,1277344791,1279332784312541,1313369057522916,108.0
1789786621,2026-09-19T02:57:01Z,1277344791,1279332784312541,1313430415445250,108.0
1789786683,2026-09-19T02:58:03Z,1277344791,1279332784312541,1313491847390916,108.0
1789786744,2026-09-19T02:59:04Z,1277344791,1279332784312541,1313553267012291,108.0
1789786805,2026-09-19T03:00:05Z,1277344791,1279332784312541,1313614666932416,108.0
1789786867,2026-09-19T03:01:07Z,1277344791,1279332784312541,1313676078195666,108.0
1789786928,2026-09-19T03:02:08Z,1277344791,1279332784312541,1313737472824958,108.0
1789786990,2026-09-19T03:03:10Z,1277344791,1279332784312541,1313798925992208,108.0
1789787051,2026-09-19T03:04:11Z,1277344791,1279332784312541,1313860385348250,108.0
1789787113,2026-09-19T03:05:13Z,1277344791,1279332784312541,1313921815925416,108.0
1789787174,2026-09-19T03:06:14Z,1277344791,1279332784312541,1313983242460583,108.0
1789787235,2026-09-19T03:07:15Z,1277344791,1279332784312541,1314044686305583,108.0
1789787297,2026-09-19T03:08:17Z,1277344791,1279332784312541,1314106067903875,108.0
1789787358,2026-09-19T03:09:18Z,1277344791,1279332784312541,1314167455443833,108.0
1789787420,2026-09-19T03:10:20Z,1277344791,1279332784312541,1314228874235083,108.0
1789787481,2026-09-19T03:11:21Z,1277344791,1279332784312541,1314290303504666,108.0
1789787543,2026-09-19T03:12:23Z,1277344791,1279332784312541,1314351772591791,108.0
1789787604,2026-09-19T03:13:24Z,1277344791,1279332784312541,1314413163748958,108.0
1789787665,2026-09-19T03:14:25Z,1277344791,1279332784312541,1314474563314875,108.0
1789787727,2026-09-19T03:15:27Z,1277344791,1279332784312541,1314535971397083,108.0
1789787788,2026-09-19T03:16:28Z,1277344791,1279332784312541,1314597402388791,108.0
1789787850,2026-09-19T03:17:30Z,1277344791,1279332784312541,1314658805441916,108.0
1789787911,2026-09-19T03:18:31Z,1277344791,1279332784312541,1314720243858125,108.0
1789787972,2026-09-19T03:19:32Z,1277344791,1279332784312541,1314781616073000,108.0
1789788034,2026-09-19T03:20:34Z,1277344791,1279332784312541,1314843035050958,108.0
1789788095,2026-09-19T03:21:35Z,1277344791,1279332784312541,1314904456694833,108.0
1789788157,2026-09-19T03:22:37Z,1277344791,1279332784312541,1314965878729166,108.0
1789788218,2026-09-19T03:23:38Z,1277344791,1279332784312541,1315027217592875,108.0
1789788279,2026-09-19T03:24:39Z,1277344791,1279332784312541,1315088612702250,108.0
1789788341,2026-09-19T03:25:41Z,1277344791,1279332784312541,1315149936726208,108.0
1789788402,2026-09-19T03:26:42Z,1277344791,1279332784312541,1315211332072041,108.0
1789788463,2026-09-19T03:27:43Z,1277344791,1279332784312541,1315272730447041,108.0
1789788525,2026-09-19T03:28:45Z,1277344791,1279332784312541,1315334201750625,108.0
1789788586,2026-09-19T03:29:46Z,1277344791,1279332784312541,1315395595929333,108.0
1789788648,2026-09-19T03:30:48Z,1277344791,1279332784312541,1315457050771791,108.0
1789788709,2026-09-19T03:31:49Z,1277344791,1279332784312541,1315518571237083,108.0
1789788771,2026-09-19T03:32:51Z,1277344791,1279332784312541,1315580001557750,108.0
1789788832,2026-09-19T03:33:52Z,1277344791,1279332784312541,1315641423961916,108.0
1789788894,2026-09-19T03:34:54Z,1277344791,1279332784312541,1315702844960125,108.0
1789788955,2026-09-19T03:35:55Z,1277344791,1279332784312541,1315764344565666,108.0
1789789016,2026-09-19T03:36:56Z,1277344791,1279332784312541,1315825752614625,108.0
1789789078,2026-09-19T03:37:58Z,1277344791,1279332784312541,1315887217853708,108.0
1789789139,2026-09-19T03:38:59Z,1277344791,1279332784312541,1315948650735916,108.0
1789789201,2026-09-19T03:40:01Z,1277344791,1279332784312541,1316010023094458,108.0
1789789262,2026-09-19T03:41:02Z,1277344791,1279332784312541,1316071385608416,108.0
1789789324,2026-09-19T03:42:04Z,1277344791,1279332784312541,1316132823227125,108.0
1789789385,2026-09-19T03:43:05Z,1277344791,1279332784312541,1316194270298291,108.0
1789789446,2026-09-19T03:44:06Z,1277344791,1279332784312541,1316255691981000,108.0
1789789508,2026-09-19T03:45:08Z,1277344791,1279332784312541,1316317231190458,108.0
1789789570,2026-09-19T03:46:10Z,1277344791,1279332784312541,1316378900744083,108.0
1789789631,2026-09-19T03:47:11Z,1277344791,1279332784312541,1316440390986583,108.0
1789789693,2026-09-19T03:48:13Z,1277344791,1279332784312541,1316501925867208,108.0
1789789754,2026-09-19T03:49:14Z,1277344791,1279332784312541,1316563296292708,108.0
1789789815,2026-09-19T03:50:15Z,1277344791,1279332784312541,1316624671705333,108.0
1789789877,2026-09-19T03:51:17Z,1277344791,1279332784312541,1316686112292541,108.0
1789789938,2026-09-19T03:52:18Z,1277344791,1279332784312541,1316747535897125,108.0
1789790000,2026-09-19T03:53:20Z,1277344791,1279332784312541,1316809023063125,108.0
1789790062,2026-09-19T03:54:22Z,1277344791,1279332784312541,1316870764553500,108.0
1789790124,2026-09-19T03:55:24Z,1277344791,1279332784312541,1316933088028041,108.0
1789790185,2026-09-19T03:56:25Z,1277344791,1279332784312541,1316994562085208,108.0
1789790247,2026-09-19T03:57:27Z,1277344791,1279332784312541,1317056349328083,108.0
1789790309,2026-09-19T03:58:29Z,1277344791,1279332784312541,1317118698755250,108.0
1789790371,2026-09-19T03:59:31Z,1277344791,1279332784312541,1317180592699166,108.0
1789790433,2026-09-19T04:00:33Z,1277344791,1279332784312541,1317242561095458,108.0
1789790502,2026-09-19T04:01:42Z,1277344791,1279332784312541,1317310516192833,108.0
1789790569,2026-09-19T04:02:49Z,1277344791,1279332784312541,1317378294963375,108.0
1789790631,2026-09-19T04:03:51Z,1277344791,1279332784312541,1317440432509625,108.0
1789790693,2026-09-19T04:04:53Z,1277344791,1279332784312541,1317502520815625,108.0
1789790755,2026-09-19T04:05:55Z,1277344791,1279332784312541,1317564303918750,108.0
1789790817,2026-09-19T04:06:57Z,1277344791,1279332784312541,1317626179717333,108.0
1789790879,2026-09-19T04:07:59Z,1277344791,1279332784312541,1317688048008541,108.0
1789790940,2026-09-19T04:09:00Z,1277344791,1279332784312541,1317749654432500,108.0
1789791002,2026-09-19T04:10:02Z,1277344791,1279332784312541,1317811397714208,108.0
1789791064,2026-09-19T04:11:04Z,1277344791,1279332784312541,1317873010338875,108.0
1789791126,2026-09-19T04:12:06Z,1277344791,1279332784312541,1317935123113375,108.0
1789791188,2026-09-19T04:13:08Z,1277344791,1279332784312541,1317996929195000,108.0
1789791252,2026-09-19T04:14:12Z,1277344791,1279332784312541,1318060879570958,108.0
1789791314,2026-09-19T04:15:14Z,1277344791,1279332784312541,1318123169270708,108.0
1789791376,2026-09-19T04:16:16Z,1277701666,1318147379094208,1318184757697916,132.0
1789791437,2026-09-19T04:17:17Z,1277701666,1318147379094208,1318246542334333,132.0
1789791499,2026-09-19T04:18:19Z,1277701666,1318147379094208,1318308157131958,132.0
1789791561,2026-09-19T04:19:21Z,1277701666,1318147379094208,1318369995722958,132.0
1789791623,2026-09-19T04:20:23Z,1277701666,1318147379094208,1318431876555250,132.0
1789791684,2026-09-19T04:21:24Z,1277701666,1318147379094208,1318493650270291,132.0
1789791746,2026-09-19T04:22:26Z,1277701666,1318147379094208,1318555340187000,132.0
1789791809,2026-09-19T04:23:29Z,1277701666,1318147379094208,1318618063943333,132.0
1789791871,2026-09-19T04:24:31Z,1277701666,1318147379094208,1318680565166166,132.0
1789791934,2026-09-19T04:25:34Z,1277701666,1318147379094208,1318742701174625,132.0
1789791997,2026-09-19T04:26:37Z,1277701666,1318147379094208,1318806493788416,132.0
1789792059,2026-09-19T04:27:39Z,1277701666,1318147379094208,1318868110027291,132.0
1789792121,2026-09-19T04:28:41Z,1277701666,1318147379094208,1318930070433916,132.0
1789792182,2026-09-19T04:29:42Z,1277701666,1318147379094208,1318991699208500,132.0
1789792244,2026-09-19T04:30:44Z,1277701666,1318147379094208,1319053194041750,132.0
1789792306,2026-09-19T04:31:46Z,1277701666,1318147379094208,1319115055430708,132.0
1789792367,2026-09-19T04:32:47Z,1277701666,1318147379094208,1319176641564416,132.0
1789792429,2026-09-19T04:33:49Z,1277701666,1318147379094208,1319238358639833,132.0
1789792491,2026-09-19T04:34:51Z,1277701666,1318147379094208,1319299842649833,132.0
1789792552,2026-09-19T04:35:52Z,1277701666,1318147379094208,1319361338935458,132.0
1789792614,2026-09-19T04:36:54Z,1277701666,1318147379094208,1319422796745083,133.0
1789792675,2026-09-19T04:37:55Z,1277701666,1318147379094208,1319484438906041,133.0
1789792737,2026-09-19T04:38:57Z,1277701666,1318147379094208,1319545924313541,133.0
1789792798,2026-09-19T04:39:58Z,1277701666,1318147379094208,1319607409814083,133.0
1789792860,2026-09-19T04:41:00Z,1277701666,1318147379094208,1319669426937041,133.0
1789792922,2026-09-19T04:42:02Z,1277701666,1318147379094208,1319730980627750,133.0
1789792983,2026-09-19T04:43:03Z,1277701666,1318147379094208,1319792499371291,133.0
1789793045,2026-09-19T04:44:05Z,1277701666,1318147379094208,1319853990842416,133.0
1789793106,2026-09-19T04:45:06Z,1277701666,1318147379094208,1319915513748250,133.0
1789793168,2026-09-19T04:46:08Z,1277701666,1318147379094208,1319977472547916,133.0
1789793230,2026-09-19T04:47:10Z,1277701666,1318147379094208,1320039277750291,133.0
1789793292,2026-09-19T04:48:12Z,1277701666,1318147379094208,1320100986406041,133.0
1789793354,2026-09-19T04:49:14Z,1277701666,1318147379094208,1320162872655375,133.0
1789793415,2026-09-19T04:50:15Z,1277701666,1318147379094208,1320224569343291,133.0
1789793477,2026-09-19T04:51:17Z,1277701666,1318147379094208,1320286197999833,133.0
1789793539,2026-09-19T04:52:19Z,1277701666,1318147379094208,1320347763449583,133.0
1789793600,2026-09-19T04:53:20Z,1277701666,1318147379094208,1320409276458708,133.0
1789793662,2026-09-19T04:54:22Z,1277701666,1318147379094208,1320471026736166,133.0
1789793723,2026-09-19T04:55:23Z,1277701666,1318147379094208,1320532608076958,133.0
1789793785,2026-09-19T04:56:25Z,1277701666,1318147379094208,1320594170317291,133.0
1789793847,2026-09-19T04:57:27Z,1277701666,1318147379094208,1320655759416791,133.0
1789793908,2026-09-19T04:58:28Z,1277701666,1318147379094208,1320717235895708,133.0
1789793969,2026-09-19T04:59:29Z,1277701666,1318147379094208,1320778743190625,133.0
1789794031,2026-09-19T05:00:31Z,1277701666,1318147379094208,1320840247352958,133.0
1789794093,2026-09-19T05:01:33Z,1277701666,1318147379094208,1320901780830208,133.0
1789794154,2026-09-19T05:02:34Z,1277701666,1318147379094208,1320963263728208,133.0
1789794215,2026-09-19T05:03:35Z,1277701666,1318147379094208,1321024656876333,133.0
1789794277,2026-09-19T05:04:37Z,1277701666,1318147379094208,1321086090732708,133.0
1789794338,2026-09-19T05:05:38Z,1277701666,1318147379094208,1321147573956416,133.0
1789794400,2026-09-19T05:06:40Z,1277701666,1318147379094208,1321209163679666,133.0
1789794461,2026-09-19T05:07:41Z,1277701666,1318147379094208,1321270655163708,133.0
1789794523,2026-09-19T05:08:43Z,1277701666,1318147379094208,1321332104225333,133.0
1789794584,2026-09-19T05:09:44Z,1277701666,1318147379094208,1321393609572666,133.0
1789794646,2026-09-19T05:10:46Z,1277701666,1318147379094208,1321454998596833,133.0
1789794707,2026-09-19T05:11:47Z,1277701666,1318147379094208,1321516490907750,133.0
1789794769,2026-09-19T05:12:49Z,1277701666,1318147379094208,1321577937188916,133.0
1789794830,2026-09-19T05:13:50Z,1277701666,1318147379094208,1321639418382125,133.0
1789794892,2026-09-19T05:14:52Z,1277701666,1318147379094208,1321700960856291,133.0
1789794953,2026-09-19T05:15:53Z,1277701666,1318147379094208,1321762540973541,133.0
1789795015,2026-09-19T05:16:55Z,1277701666,1318147379094208,1321824071176958,133.0
1789795076,2026-09-19T05:17:56Z,1277701666,1318147379094208,1321885541072583,133.0
1789795138,2026-09-19T05:18:58Z,1277701666,1318147379094208,1321946971562416,133.0
1789795199,2026-09-19T05:19:59Z,1277701666,1318147379094208,1322008457454083,133.0
1789795261,2026-09-19T05:21:01Z,1277701666,1318147379094208,1322069896339791,133.0
1789795322,2026-09-19T05:22:02Z,1277701666,1318147379094208,1322131366720166,133.0
1789795384,2026-09-19T05:23:04Z,1277701666,1318147379094208,1322193004878541,133.0
1789795445,2026-09-19T05:24:05Z,1277701666,1318147379094208,1322254485235916,133.0
1789795507,2026-09-19T05:25:07Z,1277701666,1318147379094208,1322315991009791,133.0
1789795568,2026-09-19T05:26:08Z,1277701666,1318147379094208,1322377454132708,133.0
1789795630,2026-09-19T05:27:10Z,1277701666,1318147379094208,1322438865513541,133.0
1789795691,2026-09-19T05:28:11Z,1277701666,1318147379094208,1322500267747875,133.0
1789795753,2026-09-19T05:29:13Z,1277701666,1318147379094208,1322561713933375,133.0
1789795814,2026-09-19T05:30:14Z,1277701666,1318147379094208,1322623139811958,133.0
1789795875,2026-09-19T05:31:15Z,1277701666,1318147379094208,1322684627910458,133.0
1789795937,2026-09-19T05:32:17Z,1277701666,1318147379094208,1322746153481708,133.0
1789795998,2026-09-19T05:33:18Z,1277701666,1318147379094208,1322807646460208,133.0
1789796060,2026-09-19T05:34:20Z,1277701666,1318147379094208,1322869120653208,133.0
1789796121,2026-09-19T05:35:21Z,1277701666,1318147379094208,1322930661565541,133.0
1789796183,2026-09-19T05:36:23Z,1277701666,1318147379094208,1322992451454541,133.0
1789796245,2026-09-19T05:37:25Z,1277701666,1318147379094208,1323054134204041,133.0
1789796307,2026-09-19T05:38:27Z,1277701666,1318147379094208,1323115720051166,133.0
1789796368,2026-09-19T05:39:28Z,1277701666,1318147379094208,1323177456553541,133.0
1789796431,2026-09-19T05:40:31Z,1281805416,1323240835637833,1323240691107500,236.0
1789796494,2026-09-19T05:41:34Z,1281805416,1323240835637833,1323303107506958,116.0
1789796555,2026-09-19T05:42:36Z,1281805416,1323240835637833,1323364702549750,116.0
1789796617,2026-09-19T05:43:37Z,1281805416,1323240835637833,1323426345460208,116.0
1789796679,2026-09-19T05:44:39Z,1282611500,1323457805919083,1323487891589166,117.0
1789796740,2026-09-19T05:45:40Z,1282611500,1323457805919083,1323549414608000,116.0
1789796802,2026-09-19T05:46:42Z,1282611500,1323457805919083,1323611198250666,116.0
1789796864,2026-09-19T05:47:44Z,1282611500,1323457805919083,1323673130673083,116.0
1789796925,2026-09-19T05:48:45Z,1282611500,1323457805919083,1323734677396666,116.0
1789796987,2026-09-19T05:49:47Z,1282611500,1323457805919083,1323796555682375,116.0
1789797049,2026-09-19T05:50:49Z,1282611500,1323457805919083,1323858473583291,116.0
1789797111,2026-09-19T05:51:51Z,1282611500,1323457805919083,1323919948735500,117.0
1789797178,2026-09-19T05:52:58Z,1282611500,1323457805919083,1323987687784541,117.0
1789797241,2026-09-19T05:54:01Z,1282611500,1323457805919083,1324049726852208,117.0
1789797302,2026-09-19T05:55:02Z,1282611500,1323457805919083,1324111658191583,117.0
1789797364,2026-09-19T05:56:04Z,1282611500,1323457805919083,1324173177907375,117.0
1789797425,2026-09-19T05:57:05Z,1282611500,1323457805919083,1324234621494958,117.0
1789797487,2026-09-19T05:58:07Z,1282611500,1323457805919083,1324296300108083,117.0
1789797552,2026-09-19T05:59:12Z,1282611500,1323457805919083,1324361208142000,117.0
1789797614,2026-09-19T06:00:14Z,1282611500,1323457805919083,1324422958912750,117.0
1789797675,2026-09-19T06:01:15Z,1282611500,1323457805919083,1324484527119416,117.0
1789797737,2026-09-19T06:02:17Z,1282611500,1323457805919083,1324546063867583,117.0
1789797798,2026-09-19T06:03:18Z,1282611500,1323457805919083,1324607522716583,117.0
1789797860,2026-09-19T06:04:20Z,1282611500,1323457805919083,1324669008726625,117.0
1789797921,2026-09-19T06:05:21Z,1282611500,1323457805919083,1324730592216833,117.0
1789797983,2026-09-19T06:06:23Z,1282611500,1323457805919083,1324792091637041,117.0
1789798045,2026-09-19T06:07:25Z,1282611500,1323457805919083,1324853802173666,117.0
1789798106,2026-09-19T06:08:26Z,1282611500,1323457805919083,1324915372380375,117.0
1789798168,2026-09-19T06:09:28Z,1282611500,1323457805919083,1324976868631166,117.0
1789798229,2026-09-19T06:10:29Z,1282611500,1323457805919083,1325038475498541,93.0
1789798291,2026-09-19T06:11:31Z,1282611500,1323457805919083,1325100172660875,93.0
1789798352,2026-09-19T06:12:32Z,1282611500,1323457805919083,1325161676039666,93.0
1789798414,2026-09-19T06:13:34Z,1282611500,1323457805919083,1325223132610125,93.0
1789798475,2026-09-19T06:14:35Z,1282611500,1323457805919083,1325284612110958,93.0
1789798537,2026-09-19T06:15:37Z,1282611500,1323457805919083,1325346068663375,93.0
1789798598,2026-09-19T06:16:38Z,1282611500,1323457805919083,1325407538927375,93.0
1789798660,2026-09-19T06:17:40Z,1282611500,1323457805919083,1325469020498083,93.0
1789798721,2026-09-19T06:18:41Z,1282611500,1323457805919083,1325530645504291,93.0
1789798783,2026-09-19T06:19:43Z,1282611500,1323457805919083,1325592139078666,93.0
1789798844,2026-09-19T06:20:44Z,1282611500,1323457805919083,1325653557094750,93.0
1789798906,2026-09-19T06:21:46Z,1282611500,1323457805919083,1325714965504583,93.0
1789798967,2026-09-19T06:22:47Z,1282611500,1323457805919083,1325776415376833,93.0
1789799029,2026-09-19T06:23:49Z,1282611500,1323457805919083,1325837852607666,93.0
1789799090,2026-09-19T06:24:50Z,1282611500,1323457805919083,1325899304535541,93.0
1789799151,2026-09-19T06:25:51Z,1282611500,1323457805919083,1325960712093125,93.0
1789799213,2026-09-19T06:26:53Z,1282611500,1323457805919083,1326022161439708,93.0
1789799274,2026-09-19T06:27:54Z,1282611500,1323457805919083,1326083578772166,93.0
1789799336,2026-09-19T06:28:56Z,1282611500,1323457805919083,1326145148615958,93.0
1789799397,2026-09-19T06:29:57Z,1282611500,1323457805919083,1326206591391541,93.0
1789799459,2026-09-19T06:30:59Z,1282611500,1323457805919083,1326268028455625,93.0
1789799520,2026-09-19T06:32:00Z,1282611500,1323457805919083,1326329516775875,93.0
1789799582,2026-09-19T06:33:02Z,1282611500,1323457805919083,1326390953568583,93.0
1789799643,2026-09-19T06:34:03Z,1282611500,1323457805919083,1326452374690041,93.0
1789799704,2026-09-19T06:35:04Z,1282611500,1323457805919083,1326513764818750,93.0
1789799766,2026-09-19T06:36:06Z,1282611500,1323457805919083,1326575198161125,93.0
1789799827,2026-09-19T06:37:07Z,1282611500,1323457805919083,1326636620381125,93.0
1789799889,2026-09-19T06:38:09Z,1282611500,1323457805919083,1326698049285166,93.0
1789799950,2026-09-19T06:39:10Z,1282611500,1323457805919083,1326759485016666,93.0
1789800012,2026-09-19T06:40:12Z,1282611500,1323457805919083,1326821050005875,93.0
1789800073,2026-09-19T06:41:13Z,1282611500,1323457805919083,1326882526000041,93.0
1789800135,2026-09-19T06:42:15Z,1282611500,1323457805919083,1326943942868500,93.0
1789800196,2026-09-19T06:43:16Z,1282611500,1323457805919083,1327005350140250,93.0
1789800257,2026-09-19T06:44:17Z,1282611500,1323457805919083,1327066773524791,93.0
1789800319,2026-09-19T06:45:19Z,1282611500,1323457805919083,1327128172441166,93.0
1789800380,2026-09-19T06:46:20Z,1282611500,1323457805919083,1327189594295958,93.0
1789800442,2026-09-19T06:47:22Z,1282611500,1323457805919083,1327251022925333,93.0
1789800503,2026-09-19T06:48:23Z,1282611500,1323457805919083,1327312504200875,93.0
1789800565,2026-09-19T06:49:25Z,1282611500,1323457805919083,1327373953780791,93.0
1789800626,2026-09-19T06:50:26Z,1282611500,1323457805919083,1327435337660333,93.0
1789800688,2026-09-19T06:51:28Z,1282611500,1323457805919083,1327496818189416,93.0
1789800749,2026-09-19T06:52:29Z,1282611500,1323457805919083,1327558249458500,93.0
1789800811,2026-09-19T06:53:31Z,1282611500,1323457805919083,1327619809484708,93.0
1789800872,2026-09-19T06:54:32Z,1282611500,1323457805919083,1327681409234541,93.0
1789800934,2026-09-19T06:55:34Z,1282611500,1323457805919083,1327742955028791,93.0
1789800995,2026-09-19T06:56:35Z,1282611500,1323457805919083,1327804415071375,93.0
1789801057,2026-09-19T06:57:37Z,1282611500,1323457805919083,1327865905758333,93.0
1789801118,2026-09-19T06:58:38Z,1283809125,1327867974005041,1327927571045583,143.0
1789801180,2026-09-19T06:59:40Z,1283809125,1327867974005041,1327989029818416,143.0
1789801241,2026-09-19T07:00:41Z,1283809125,1327867974005041,1328050534466708,143.0
1789801303,2026-09-19T07:01:43Z,1283809125,1327867974005041,1328112168491958,143.0
1789801364,2026-09-19T07:02:44Z,1283809125,1327867974005041,1328173655420166,143.0
1789801426,2026-09-19T07:03:46Z,1283809125,1327867974005041,1328235126558291,143.0
1789801487,2026-09-19T07:04:47Z,1283809125,1327867974005041,1328296546739208,143.0
1789801549,2026-09-19T07:05:49Z,1283809125,1327867974005041,1328358011566958,143.0
1789801610,2026-09-19T07:06:50Z,1283809125,1327867974005041,1328419515865208,143.0
1789801672,2026-09-19T07:07:52Z,1283809125,1327867974005041,1328480961858541,143.0
1789801733,2026-09-19T07:08:53Z,1283809125,1327867974005041,1328542423945375,143.0
1789801795,2026-09-19T07:09:55Z,1283809125,1327867974005041,1328603923536500,143.0
1789801856,2026-09-19T07:10:56Z,1283809125,1327867974005041,1328665441425208,143.0
1789801918,2026-09-19T07:11:58Z,1283809125,1327867974005041,1328726981136875,143.0
1789801979,2026-09-19T07:12:59Z,1283809125,1327867974005041,1328788431164250,143.0
1789802041,2026-09-19T07:14:01Z,1283809125,1327867974005041,1328849948256166,143.0
1789802102,2026-09-19T07:15:02Z,1283809125,1327867974005041,1328911326907708,143.0
1789802163,2026-09-19T07:16:03Z,1283809125,1327867974005041,1328972717856708,143.0
1789802225,2026-09-19T07:17:05Z,1283809125,1327867974005041,1329034122243458,143.0
1789802286,2026-09-19T07:18:06Z,1283809125,1327867974005041,1329095544660375,143.0
1789802348,2026-09-19T07:19:08Z,1283809125,1327867974005041,1329156899681958,143.0
1789802409,2026-09-19T07:20:09Z,1283809125,1327867974005041,1329218321736500,143.0
1789802471,2026-09-19T07:21:11Z,1283809125,1327867974005041,1329279763098083,143.0
1789802532,2026-09-19T07:22:12Z,1283809125,1327867974005041,1329341142592416,143.0
1789802593,2026-09-19T07:23:13Z,1283809125,1327867974005041,1329402516641083,143.0
1789802655,2026-09-19T07:24:15Z,1283809125,1327867974005041,1329463921272666,143.0
1789802716,2026-09-19T07:25:16Z,1283809125,1327867974005041,1329525308228291,143.0
1789802777,2026-09-19T07:26:17Z,1283809125,1327867974005041,1329586651646541,143.0
1789802839,2026-09-19T07:27:19Z,1283809125,1327867974005041,1329648020764458,143.0
1789802900,2026-09-19T07:28:20Z,1283809125,1327867974005041,1329709400221583,143.0
1789802962,2026-09-19T07:29:22Z,1283809125,1327867974005041,1329770796638291,143.0
1789803023,2026-09-19T07:30:23Z,1283809125,1327867974005041,1329832174029500,143.0
1789803084,2026-09-19T07:31:24Z,1283809125,1327867974005041,1329893592842750,143.0
1789803146,2026-09-19T07:32:26Z,1283809125,1327867974005041,1329955119489250,143.0
1789803207,2026-09-19T07:33:27Z,1283809125,1327867974005041,1330016564636333,143.0
1789803269,2026-09-19T07:34:29Z,1283809125,1327867974005041,1330077997932166,143.0
1789803330,2026-09-19T07:35:30Z,1283809125,1327867974005041,1330139435869166,143.0
1789803392,2026-09-19T07:36:32Z,1283809125,1327867974005041,1330200958786875,143.0
1789803453,2026-09-19T07:37:33Z,1283809125,1327867974005041,1330262358863666,143.0
1789803514,2026-09-19T07:38:34Z,1283809125,1327867974005041,1330323761494708,143.0
1789803576,2026-09-19T07:39:36Z,1283809125,1327867974005041,1330385147307708,143.0
1789803637,2026-09-19T07:40:37Z,1283809125,1327867974005041,1330446547357958,143.0
1789803699,2026-09-19T07:41:39Z,1283809125,1327867974005041,1330508080249375,143.0
1789803760,2026-09-19T07:42:40Z,1283809125,1327867974005041,1330569570334000,143.0
1789803822,2026-09-19T07:43:42Z,1283809125,1327867974005041,1330630985919458,143.0
1789803883,2026-09-19T07:44:43Z,1283809125,1327867974005041,1330692385439208,143.0
1789803945,2026-09-19T07:45:45Z,1283809125,1327867974005041,1330753778793375,143.0
1789804006,2026-09-19T07:46:46Z,1283809125,1327867974005041,1330815173554166,143.0
1789804067,2026-09-19T07:47:47Z,1283809125,1327867974005041,1330876564772875,143.0
1789804129,2026-09-19T07:48:49Z,1283809125,1327867974005041,1330938026200541,143.0
1789804190,2026-09-19T07:49:50Z,1283809125,1327867974005041,1330999430550708,143.0
1789804254,2026-09-19T07:50:54Z,1283809125,1327867974005041,1331062874999791,143.0
1789804315,2026-09-19T07:51:55Z,1283809125,1327867974005041,1331124363575375,143.0
1789804377,2026-09-19T07:52:57Z,1283809125,1327867974005041,1331185930416625,143.0
1789804438,2026-09-19T07:53:58Z,1283809125,1327867974005041,1331247496140125,143.0
1789804500,2026-09-19T07:55:00Z,1283809125,1327867974005041,1331308972107083,143.0
1789804561,2026-09-19T07:56:01Z,1283809125,1327867974005041,1331370504452833,143.0
1789804623,2026-09-19T07:57:03Z,1283809125,1327867974005041,1331432113536333,143.0
1789804684,2026-09-19T07:58:04Z,1283809125,1327867974005041,1331493576065625,143.0
1789804746,2026-09-19T07:59:06Z,1283809125,1327867974005041,1331555061826541,143.0
1789804807,2026-09-19T08:00:07Z,1283809125,1327867974005041,1331616591397291,143.0
1789804869,2026-09-19T08:01:09Z,1283809125,1327867974005041,1331678236877166,143.0
1789804931,2026-09-19T08:02:11Z,1283809125,1327867974005041,1331739757542000,143.0
1789804992,2026-09-19T08:03:12Z,1283809125,1327867974005041,1331801234072291,143.0
1789805054,2026-09-19T08:04:14Z,1283809125,1327867974005041,1331862814136625,143.0
1789805115,2026-09-19T08:05:15Z,1283809125,1327867974005041,1331924317551958,143.0
1789805177,2026-09-19T08:06:17Z,1283809125,1327867974005041,1331985836079000,96.0
1789805238,2026-09-19T08:07:18Z,1283809125,1327867974005041,1332047377932500,95.0
1789805300,2026-09-19T08:08:20Z,1283809125,1327867974005041,1332108809286041,95.0
1789805361,2026-09-19T08:09:21Z,1283809125,1327867974005041,1332170201338750,95.0
1789805423,2026-09-19T08:10:23Z,1283809125,1327867974005041,1332231810189541,95.0
1789805484,2026-09-19T08:11:24Z,1283809125,1327867974005041,1332293287882291,95.0
1789805545,2026-09-19T08:12:25Z,1283809125,1327867974005041,1332354693858125,95.0
1789805607,2026-09-19T08:13:27Z,1283809125,1327867974005041,1332416151758250,95.0
1789805668,2026-09-19T08:14:28Z,1283809125,1327867974005041,1332477618023291,95.0
1789805730,2026-09-19T08:15:30Z,1283809125,1327867974005041,1332539019302791,95.0
1789805791,2026-09-19T08:16:31Z,1283809125,1327867974005041,1332600402718000,95.0
1789805853,2026-09-19T08:17:33Z,1283809125,1327867974005041,1332661832419458,95.0
1789805914,2026-09-19T08:18:34Z,1283809125,1327867974005041,1332723314289541,95.0
1789805975,2026-09-19T08:19:35Z,1283809125,1327867974005041,1332784711837166,95.0
1789806037,2026-09-19T08:20:37Z,1283809125,1327867974005041,1332846167224166,95.0
1789806098,2026-09-19T08:21:38Z,1283809125,1327867974005041,1332907569032875,95.0
1789806160,2026-09-19T08:22:40Z,1283809125,1327867974005041,1332968955693333,95.0
1789806221,2026-09-19T08:23:41Z,1283809125,1327867974005041,1333030343337750,95.0
1789806283,2026-09-19T08:24:43Z,1283809125,1327867974005041,1333091790999166,95.0
1789806344,2026-09-19T08:25:44Z,1283809125,1327867974005041,1333153206673291,95.0
1789806405,2026-09-19T08:26:45Z,1283809125,1327867974005041,1333214629086500,95.0
1789806467,2026-09-19T08:27:47Z,1283809125,1327867974005041,1333276110602291,95.0
1789806528,2026-09-19T08:28:48Z,1283809125,1327867974005041,1333337557182458,95.0
1789806590,2026-09-19T08:29:50Z,1283809125,1327867974005041,1333399022707833,95.0
1789806651,2026-09-19T08:30:51Z,1283809125,1327867974005041,1333460464334666,95.0
1789806713,2026-09-19T08:31:53Z,1283809125,1327867974005041,1333521866022750,95.0
1789806774,2026-09-19T08:32:54Z,1283809125,1327867974005041,1333583265218625,95.0
1789806835,2026-09-19T08:33:55Z,1283809125,1327867974005041,1333644699284625,95.0
1789806897,2026-09-19T08:34:57Z,1283809125,1327867974005041,1333706230775708,95.0
1789806958,2026-09-19T08:35:58Z,1283809125,1327867974005041,1333767716858791,95.0
1789807020,2026-09-19T08:37:00Z,1283809125,1327867974005041,1333829166160500,95.0
1789807081,2026-09-19T08:38:01Z,1283809125,1327867974005041,1333890640935291,95.0
1789807143,2026-09-19T08:39:03Z,1283809125,1327867974005041,1333952140420583,95.0
1789807204,2026-09-19T08:40:04Z,1283809125,1327867974005041,1334013586634583,95.0
1789807266,2026-09-19T08:41:06Z,1283809125,1327867974005041,1334075048639458,95.0
1789807327,2026-09-19T08:42:07Z,1283809125,1327867974005041,1334136520409541,95.0
1789807389,2026-09-19T08:43:09Z,1283809125,1327867974005041,1334197972013083,95.0
1789807450,2026-09-19T08:44:10Z,1283809125,1327867974005041,1334259420101666,95.0
1789807512,2026-09-19T08:45:12Z,1283809125,1327867974005041,1334320884013916,95.0
1789807573,2026-09-19T08:46:13Z,1283809125,1327867974005041,1334382396413541,95.0
1789807635,2026-09-19T08:47:15Z,1283809125,1327867974005041,1334443787677208,95.0
1789807696,2026-09-19T08:48:16Z,1283809125,1327867974005041,1334505190309250,95.0
1789807757,2026-09-19T08:49:17Z,1283809125,1327867974005041,1334566606605750,95.0
1789807819,2026-09-19T08:50:19Z,1283809125,1327867974005041,1334628056607708,95.0
1789807880,2026-09-19T08:51:20Z,1283809125,1327867974005041,1334689503318750,95.0
1789807942,2026-09-19T08:52:22Z,1283809125,1327867974005041,1334750915542375,95.0
1789808003,2026-09-19T08:53:23Z,1283809125,1327867974005041,1334812336857208,95.0
1789808065,2026-09-19T08:54:25Z,1283809125,1327867974005041,1334873799854208,95.0
1789808126,2026-09-19T08:55:26Z,1283809125,1327867974005041,1334935207090541,95.0
1789808187,2026-09-19T08:56:27Z,1283809125,1327867974005041,1334996685703250,95.0
1789808249,2026-09-19T08:57:29Z,1283809125,1327867974005041,1335058140708166,95.0
1789808310,2026-09-19T08:58:30Z,1283809125,1327867974005041,1335119555793958,95.0
1789808372,2026-09-19T08:59:32Z,1283809125,1327867974005041,1335181033564500,95.0
1789808433,2026-09-19T09:00:33Z,1283809125,1327867974005041,1335242464915291,95.0
1789808495,2026-09-19T09:01:35Z,1283809125,1327867974005041,1335303852152958,95.0
1789808556,2026-09-19T09:02:36Z,1283809125,1327867974005041,1335365242687833,95.0
1789808617,2026-09-19T09:03:37Z,1283809125,1327867974005041,1335426628573791,95.0
1789808679,2026-09-19T09:04:39Z,1283809125,1327867974005041,1335488068274416,95.0
1789808740,2026-09-19T09:05:40Z,1283809125,1327867974005041,1335549439093708,95.0
1789808802,2026-09-19T09:06:42Z,1283809125,1327867974005041,1335610806731250,95.0
1789808863,2026-09-19T09:07:43Z,1283809125,1327867974005041,1335672236030541,95.0
1789808924,2026-09-19T09:08:44Z,1283809125,1327867974005041,1335733615180833,95.0
1789808986,2026-09-19T09:09:46Z,1283809125,1327867974005041,1335795014960791,95.0
1789809047,2026-09-19T09:10:47Z,1283809125,1327867974005041,1335856568363000,95.0
1789809109,2026-09-19T09:11:49Z,1283809125,1327867974005041,1335918149029875,95.0
1789809170,2026-09-19T09:12:50Z,1283809125,1327867974005041,1335979618709000,95.0
1789809232,2026-09-19T09:13:52Z,1283809125,1327867974005041,1336041163702208,95.0
1789809293,2026-09-19T09:14:53Z,1283809125,1327867974005041,1336102569239958,95.0
1789809355,2026-09-19T09:15:55Z,1283809125,1327867974005041,1336164067340000,95.0
1789809416,2026-09-19T09:16:56Z,1283809125,1327867974005041,1336225574899541,95.0
1789809478,2026-09-19T09:17:58Z,1283809125,1327867974005041,1336287108059375,95.0
1789809539,2026-09-19T09:18:59Z,1283809125,1327867974005041,1336348564063958,95.0
1789809601,2026-09-19T09:20:01Z,1283809125,1327867974005041,1336410082048750,95.0
1789809662,2026-09-19T09:21:02Z,1283809125,1327867974005041,1336471515083416,95.0
1789809724,2026-09-19T09:22:04Z,1283809125,1327867974005041,1336532950477166,95.0
1789809785,2026-09-19T09:23:05Z,1283809125,1327867974005041,1336594408919125,95.0
1789809847,2026-09-19T09:24:07Z,1283809125,1327867974005041,1336655759624333,95.0
1789809908,2026-09-19T09:25:08Z,1283809125,1327867974005041,1336717146765500,95.0
1789809969,2026-09-19T09:26:09Z,1283809125,1327867974005041,1336778578753916,95.0
1789810031,2026-09-19T09:27:11Z,1283809125,1327867974005041,1336840013412375,95.0
1789810092,2026-09-19T09:28:12Z,1283809125,1327867974005041,1336901503503500,95.0
1789810154,2026-09-19T09:29:14Z,1283809125,1327867974005041,1336962914898416,95.0
1789810215,2026-09-19T09:30:15Z,1283809125,1327867974005041,1337024442090958,95.0
1789810277,2026-09-19T09:31:17Z,1283809125,1327867974005041,1337085869461750,95.0
1789810338,2026-09-19T09:32:18Z,1283809125,1327867974005041,1337147280056083,95.0
1789810400,2026-09-19T09:33:20Z,1283809125,1327867974005041,1337208762221791,95.0
1789810461,2026-09-19T09:34:21Z,1283809125,1327867974005041,1337270226381375,95.0
1789810523,2026-09-19T09:35:23Z,1283809125,1327867974005041,1337331809313208,95.0
1789810584,2026-09-19T09:36:24Z,1283809125,1327867974005041,1337393503817666,95.0
1789810646,2026-09-19T09:37:26Z,1283809125,1327867974005041,1337454982068833,96.0
1789810707,2026-09-19T09:38:27Z,1283809125,1327867974005041,1337516515028833,95.0
1789810769,2026-09-19T09:39:29Z,1283809125,1327867974005041,1337578349326875,95.0
1789810831,2026-09-19T09:40:31Z,1283809125,1327867974005041,1337639898798000,96.0
1789810893,2026-09-19T09:41:33Z,1283809125,1327867974005041,1337701791728125,95.0
1789810954,2026-09-19T09:42:34Z,1283809125,1327867974005041,1337763328636708,95.0
1789811016,2026-09-19T09:43:36Z,1283809125,1327867974005041,1337824937296708,95.0
1789811077,2026-09-19T09:44:37Z,1283809125,1327867974005041,1337886394666416,95.0
1789811139,2026-09-19T09:45:39Z,1283809125,1327867974005041,1337947873158750,95.0
1789811201,2026-09-19T09:46:41Z,1283809125,1327867974005041,1338009802331666,96.0
1789811265,2026-09-19T09:47:45Z,1283809125,1327867974005041,1338074436991625,95.0
1789811327,2026-09-19T09:48:47Z,1283809125,1327867974005041,1338136268310833,95.0
1789811388,2026-09-19T09:49:48Z,1283809125,1327867974005041,1338197703908833,95.0
1789811450,2026-09-19T09:50:50Z,1283809125,1327867974005041,1338259250036083,95.0
1789811511,2026-09-19T09:51:51Z,1283809125,1327867974005041,1338320677814541,95.0
1789811573,2026-09-19T09:52:53Z,1283809125,1327867974005041,1338382127088583,95.0
1789811634,2026-09-19T09:53:54Z,1283809125,1327867974005041,1338443577760541,95.0
1789811696,2026-09-19T09:54:56Z,1283809125,1327867974005041,1338505023808333,95.0
1789811757,2026-09-19T09:55:57Z,1283809125,1327867974005041,1338566462133208,95.0
1789811819,2026-09-19T09:56:59Z,1283809125,1327867974005041,1338627939450125,95.0
1789811880,2026-09-19T09:58:00Z,1283809125,1327867974005041,1338689519221958,95.0
1789811942,2026-09-19T09:59:02Z,1283809125,1327867974005041,1338750974150541,95.0
1789812003,2026-09-19T10:00:03Z,1283809125,1327867974005041,1338812420740958,95.0
1789812065,2026-09-19T10:01:05Z,1283809125,1327867974005041,1338873861640791,95.0
1789812126,2026-09-19T10:02:06Z,1283809125,1327867974005041,1338935305748375,95.0
1789812188,2026-09-19T10:03:08Z,1283809125,1327867974005041,1338996751231625,95.0
1789812249,2026-09-19T10:04:09Z,1283809125,1327867974005041,1339058255601416,95.0
1789812310,2026-09-19T10:05:10Z,1283809125,1327867974005041,1339119723870916,95.0
1789812372,2026-09-19T10:06:12Z,1283809125,1327867974005041,1339181142053125,95.0
1789812433,2026-09-19T10:07:13Z,1283809125,1327867974005041,1339242579336583,95.0
1789812495,2026-09-19T10:08:15Z,1283809125,1327867974005041,1339304008781625,95.0
1789812556,2026-09-19T10:09:16Z,1283809125,1327867974005041,1339365473440208,95.0
1789812618,2026-09-19T10:10:18Z,1283809125,1327867974005041,1339426932204166,95.0
1789812679,2026-09-19T10:11:19Z,1283809125,1327867974005041,1339488384593708,95.0
1789812741,2026-09-19T10:12:21Z,1283809125,1327867974005041,1339549926551166,96.0
1789812802,2026-09-19T10:13:22Z,1283809125,1327867974005041,1339611348008083,95.0
1789812864,2026-09-19T10:14:24Z,1283809125,1327867974005041,1339672737536208,95.0
1789812925,2026-09-19T10:15:25Z,1283809125,1327867974005041,1339734274138708,95.0
1789812987,2026-09-19T10:16:27Z,1283809125,1327867974005041,1339795761819208,95.0
1789813048,2026-09-19T10:17:28Z,1283809125,1327867974005041,1339857344319958,95.0
1789813110,2026-09-19T10:18:30Z,1283809125,1327867974005041,1339918835563875,95.0
1789813171,2026-09-19T10:19:31Z,1283809125,1327867974005041,1339980296270583,95.0
1789813233,2026-09-19T10:20:33Z,1283809125,1327867974005041,1340041759000000,95.0
1789813294,2026-09-19T10:21:34Z,1283809125,1327867974005041,1340103245535916,95.0
1789813355,2026-09-19T10:22:35Z,1283809125,1327867974005041,1340164659983875,95.0
1789813417,2026-09-19T10:23:37Z,1283809125,1327867974005041,1340226077636541,95.0
1789813478,2026-09-19T10:24:38Z,1283809125,1327867974005041,1340287448477583,95.0
1789813540,2026-09-19T10:25:40Z,1283809125,1327867974005041,1340348845107583,96.0
1789813601,2026-09-19T10:26:41Z,1283809125,1327867974005041,1340410240059291,96.0
1789813662,2026-09-19T10:27:42Z,1283809125,1327867974005041,1340471626952041,95.0
1789813724,2026-09-19T10:28:44Z,1283809125,1327867974005041,1340532987086250,95.0
1789813785,2026-09-19T10:29:45Z,1283809125,1327867974005041,1340594411520125,95.0
1789813847,2026-09-19T10:30:47Z,1283809125,1327867974005041,1340655833044458,96.0
1789813908,2026-09-19T10:31:48Z,1283809125,1327867974005041,1340717249862208,96.0
1789813969,2026-09-19T10:32:49Z,1283809125,1327867974005041,1340778658632625,95.0
1789814031,2026-09-19T10:33:51Z,1283809125,1327867974005041,1340840104388500,95.0
1789814092,2026-09-19T10:34:52Z,1283809125,1327867974005041,1340901570800583,96.0
1789814154,2026-09-19T10:35:54Z,1283809125,1327867974005041,1340962962369125,95.0
1789814215,2026-09-19T10:36:55Z,1283809125,1327867974005041,1341024389553625,95.0
1789814277,2026-09-19T10:37:57Z,1283809125,1327867974005041,1341085838240333,96.0
1789814338,2026-09-19T10:38:58Z,1283809125,1327867974005041,1341147324312125,95.0
1789814400,2026-09-19T10:40:00Z,1283809125,1327867974005041,1341208746740500,96.0
1789814461,2026-09-19T10:41:01Z,1283809125,1327867974005041,1341270170986500,95.0
1789814522,2026-09-19T10:42:02Z,1283809125,1327867974005041,1341331533061250,96.0
1789814584,2026-09-19T10:43:04Z,1283809125,1327867974005041,1341392959596625,96.0
1789814645,2026-09-19T10:44:05Z,1283809125,1327867974005041,1341454358319916,96.0
1789814706,2026-09-19T10:45:06Z,1283809125,1327867974005041,1341515752901000,96.0
1789814768,2026-09-19T10:46:08Z,1283809125,1327867974005041,1341577179517375,96.0
1789814829,2026-09-19T10:47:09Z,1283809125,1327867974005041,1341638637694916,96.0
1789814891,2026-09-19T10:48:11Z,1283809125,1327867974005041,1341700099938166,96.0
1789814952,2026-09-19T10:49:12Z,1283809125,1327867974005041,1341761501737875,96.0
1789815013,2026-09-19T10:50:13Z,1283809125,1327867974005041,1341822884920250,96.0
1789815075,2026-09-19T10:51:15Z,1283809125,1327867974005041,1341884302946333,96.0
1789815136,2026-09-19T10:52:16Z,1283809125,1327867974005041,1341945710249208,95.0
1789815198,2026-09-19T10:53:18Z,1283809125,1327867974005041,1342007101677000,95.0
1789815259,2026-09-19T10:54:19Z,1283809125,1327867974005041,1342068512324791,95.0
1789815320,2026-09-19T10:55:20Z,1283809125,1327867974005041,1342129899796750,95.0
1789815382,2026-09-19T10:56:22Z,1283809125,1327867974005041,1342191293451208,95.0
1789815443,2026-09-19T10:57:23Z,1283809125,1327867974005041,1342252658389625,95.0
1789815505,2026-09-19T10:58:25Z,1283809125,1327867974005041,1342314078692291,95.0
1789815566,2026-09-19T10:59:26Z,1283809125,1327867974005041,1342375523271791,96.0
1789815628,2026-09-19T11:00:28Z,1283809125,1327867974005041,1342437039125833,95.0
1789815689,2026-09-19T11:01:29Z,1283809125,1327867974005041,1342498446904958,96.0
1789815750,2026-09-19T11:02:30Z,1283809125,1327867974005041,1342559865311291,95.0
1789815812,2026-09-19T11:03:32Z,1283809125,1327867974005041,1342621266044291,95.0
1789815873,2026-09-19T11:04:33Z,1283809125,1327867974005041,1342682666500583,95.0
1789815935,2026-09-19T11:05:35Z,1283809125,1327867974005041,1342744204377625,96.0
1789815996,2026-09-19T11:06:36Z,1283809125,1327867974005041,1342805615231083,95.0
1789816058,2026-09-19T11:07:38Z,1283809125,1327867974005041,1342867012146375,95.0
1789816119,2026-09-19T11:08:39Z,1283809125,1327867974005041,1342928416144000,95.0
1789816180,2026-09-19T11:09:40Z,1283809125,1327867974005041,1342989852538458,95.0
1789816242,2026-09-19T11:10:42Z,1283809125,1327867974005041,1343051285075958,95.0
1789816303,2026-09-19T11:11:43Z,1283809125,1327867974005041,1343112682127875,96.0
1789816365,2026-09-19T11:12:45Z,1283809125,1327867974005041,1343174077828500,95.0
1789816426,2026-09-19T11:13:46Z,1283809125,1327867974005041,1343235474337833,95.0
1789816487,2026-09-19T11:14:47Z,1283809125,1327867974005041,1343296904325541,95.0
1789816549,2026-09-19T11:15:49Z,1283809125,1327867974005041,1343358327062250,95.0
1789816610,2026-09-19T11:16:50Z,1283809125,1327867974005041,1343419736133416,96.0
1789816672,2026-09-19T11:17:52Z,1283809125,1327867974005041,1343481160877750,95.0
1789816733,2026-09-19T11:18:53Z,1283809125,1327867974005041,1343542684960208,95.0
1789816795,2026-09-19T11:19:55Z,1283809125,1327867974005041,1343604111059250,96.0
1789816856,2026-09-19T11:20:56Z,1283809125,1327867974005041,1343665605831625,95.0
1789816917,2026-09-19T11:21:57Z,1283809125,1327867974005041,1343727042827583,96.0
1789816979,2026-09-19T11:22:59Z,1283809125,1327867974005041,1343788437897000,95.0
1789817040,2026-09-19T11:24:00Z,1283809125,1327867974005041,1343849899649416,95.0
1789817102,2026-09-19T11:25:02Z,1283809125,1327867974005041,1343911333108791,95.0
1789817163,2026-09-19T11:26:03Z,1283809125,1327867974005041,1343972776762375,95.0
1789817225,2026-09-19T11:27:05Z,1283809125,1327867974005041,1344034268443750,96.0
1789817286,2026-09-19T11:28:06Z,1283809125,1327867974005041,1344095644408500,95.0
1789817347,2026-09-19T11:29:07Z,1283809125,1327867974005041,1344157055894875,95.0
1789817409,2026-09-19T11:30:09Z,1283809125,1327867974005041,1344218534429541,96.0
1789817470,2026-09-19T11:31:10Z,1283809125,1327867974005041,1344279992713375,95.0
1789817532,2026-09-19T11:32:12Z,1283809125,1327867974005041,1344341374182500,95.0
1789817593,2026-09-19T11:33:13Z,1283809125,1327867974005041,1344402796664083,96.0
1789817655,2026-09-19T11:34:15Z,1283809125,1327867974005041,1344464232057791,96.0
1789817716,2026-09-19T11:35:16Z,1283809125,1327867974005041,1344525639702208,96.0
1789817777,2026-09-19T11:36:17Z,1283809125,1327867974005041,1344587063405375,95.0
1789817839,2026-09-19T11:37:19Z,1283809125,1327867974005041,1344648476550958,95.0
1789817900,2026-09-19T11:38:20Z,1283809125,1327867974005041,1344709898538708,95.0
1789817962,2026-09-19T11:39:22Z,1283809125,1327867974005041,1344771356915791,96.0
1789818023,2026-09-19T11:40:23Z,1283809125,1327867974005041,1344832738083291,96.0
1789818085,2026-09-19T11:41:25Z,1283809125,1327867974005041,1344894156111791,96.0
1789818146,2026-09-19T11:42:26Z,1283809125,1327867974005041,1344955571628791,96.0
1789818207,2026-09-19T11:43:27Z,1283809125,1327867974005041,1345017011985000,96.0
1789818269,2026-09-19T11:44:29Z,1283809125,1327867974005041,1345078462754041,96.0
1789818330,2026-09-19T11:45:30Z,1283809125,1327867974005041,1345139896375583,96.0
1789818392,2026-09-19T11:46:32Z,1283809125,1327867974005041,1345201321654125,96.0
1789818453,2026-09-19T11:47:33Z,1283809125,1327867974005041,1345262749883708,95.0
1789818515,2026-09-19T11:48:35Z,1283809125,1327867974005041,1345324198431583,95.0
1789818576,2026-09-19T11:49:36Z,1283809125,1327867974005041,1345385584008041,96.0
1789818637,2026-09-19T11:50:37Z,1283809125,1327867974005041,1345446956073416,95.0
1789818699,2026-09-19T11:51:39Z,1283809125,1327867974005041,1345508416648333,95.0
1789818760,2026-09-19T11:52:40Z,1283809125,1327867974005041,1345569783930041,95.0
1789818822,2026-09-19T11:53:42Z,1283809125,1327867974005041,1345631185055625,95.0
1789818883,2026-09-19T11:54:43Z,1283809125,1327867974005041,1345692576367333,95.0
1789818944,2026-09-19T11:55:44Z,1283809125,1327867974005041,1345754052487875,95.0
1789819006,2026-09-19T11:56:46Z,1283809125,1327867974005041,1345815482495833,96.0
1789819067,2026-09-19T11:57:47Z,1283809125,1327867974005041,1345876892341333,95.0
1789819129,2026-09-19T11:58:49Z,1283809125,1327867974005041,1345938298135291,95.0
1789819190,2026-09-19T11:59:50Z,1283809125,1327867974005041,1345999739986000,95.0
1789819251,2026-09-19T12:00:51Z,1283809125,1327867974005041,1346061120967833,95.0
1789819313,2026-09-19T12:01:53Z,1283809125,1327867974005041,1346122612458500,96.0
1789819374,2026-09-19T12:02:54Z,1283809125,1327867974005041,1346184109003416,95.0
1789819436,2026-09-19T12:03:56Z,1283809125,1327867974005041,1346245524254666,95.0
1789819497,2026-09-19T12:04:57Z,1283809125,1327867974005041,1346306978941875,95.0
1789819559,2026-09-19T12:05:59Z,1283809125,1327867974005041,1346368395677000,96.0
1789819620,2026-09-19T12:07:00Z,1283809125,1327867974005041,1346430022737291,96.0
1789819682,2026-09-19T12:08:02Z,1283809125,1327867974005041,1346491489893416,96.0
1789819743,2026-09-19T12:09:03Z,1283809125,1327867974005041,1346552917495208,96.0
1789819805,2026-09-19T12:10:05Z,1283809125,1327867974005041,1346614409824625,95.0
1789819866,2026-09-19T12:11:06Z,1283809125,1327867974005041,1346675834411375,96.0
1789819928,2026-09-19T12:12:08Z,1283809125,1327867974005041,1346737255304833,96.0
1789819989,2026-09-19T12:13:09Z,1283809125,1327867974005041,1346798649714625,95.0
1789820051,2026-09-19T12:14:11Z,1283809125,1327867974005041,1346860093393750,95.0
1789820112,2026-09-19T12:15:12Z,1283809125,1327867974005041,1346921470403333,95.0
1789820174,2026-09-19T12:16:14Z,1283809125,1327867974005041,1346982922611000,96.0
1789820235,2026-09-19T12:17:15Z,1283809125,1327867974005041,1347044343141708,96.0
1789820297,2026-09-19T12:18:17Z,1283809125,1327867974005041,1347105776486208,95.0
1789820358,2026-09-19T12:19:18Z,1283809125,1327867974005041,1347167265797208,95.0
1789820419,2026-09-19T12:20:19Z,1283809125,1327867974005041,1347228689346208,95.0
1789820481,2026-09-19T12:21:21Z,1283809125,1327867974005041,1347290110540458,95.0
1789820542,2026-09-19T12:22:22Z,1283809125,1327867974005041,1347351513668916,95.0
1789820604,2026-09-19T12:23:24Z,1283809125,1327867974005041,1347412918680791,96.0
1789820665,2026-09-19T12:24:25Z,1283809125,1327867974005041,1347474382167583,96.0
1789820727,2026-09-19T12:25:27Z,1283809125,1327867974005041,1347535830885625,96.0
1789820788,2026-09-19T12:26:28Z,1283809125,1327867974005041,1347597359256833,96.0
1789820850,2026-09-19T12:27:30Z,1283809125,1327867974005041,1347658841334208,96.0
1789820911,2026-09-19T12:28:31Z,1283809125,1327867974005041,1347720333936083,95.0
1789820972,2026-09-19T12:29:32Z,1283809125,1327867974005041,1347781713842250,95.0
1789821034,2026-09-19T12:30:34Z,1283809125,1327867974005041,1347843102148500,96.0
1789821095,2026-09-19T12:31:35Z,1283809125,1327867974005041,1347904552101125,95.0
1789821157,2026-09-19T12:32:37Z,1283809125,1327867974005041,1347966070477708,95.0
1789821218,2026-09-19T12:33:38Z,1283809125,1327867974005041,1348027483315708,95.0
1789821280,2026-09-19T12:34:40Z,1283809125,1327867974005041,1348088942215958,96.0
1789821341,2026-09-19T12:35:41Z,1283809125,1327867974005041,1348150365994333,96.0
1789821403,2026-09-19T12:36:43Z,1283809125,1327867974005041,1348211779463208,96.0
1789821464,2026-09-19T12:37:44Z,1283809125,1327867974005041,1348273187179458,96.0
1789821525,2026-09-19T12:38:45Z,1283809125,1327867974005041,1348334596855666,95.0
1789821587,2026-09-19T12:39:47Z,1283809125,1327867974005041,1348396016292083,96.0
1789821648,2026-09-19T12:40:48Z,1283809125,1327867974005041,1348457403825875,95.0
1789821710,2026-09-19T12:41:50Z,1283809125,1327867974005041,1348518851191250,96.0
1789821771,2026-09-19T12:42:51Z,1283809125,1327867974005041,1348580298927750,96.0
1789821832,2026-09-19T12:43:52Z,1283809125,1327867974005041,1348641740253458,96.0
1789821894,2026-09-19T12:44:54Z,1283809125,1327867974005041,1348703161524083,96.0
1789821955,2026-09-19T12:45:55Z,1283809125,1327867974005041,1348764592764416,96.0
1789822017,2026-09-19T12:46:57Z,1283809125,1327867974005041,1348826022318291,96.0
1789822078,2026-09-19T12:47:58Z,1283809125,1327867974005041,1348887596971041,96.0
1789822140,2026-09-19T12:49:00Z,1283809125,1327867974005041,1348949084390208,96.0
1789822201,2026-09-19T12:50:01Z,1283809125,1327867974005041,1349010557319208,96.0
1789822263,2026-09-19T12:51:03Z,1283809125,1327867974005041,1349072105050750,96.0
1789822324,2026-09-19T12:52:04Z,1283809125,1327867974005041,1349133637330000,96.0
1789822386,2026-09-19T12:53:06Z,1283809125,1327867974005041,1349195102305583,96.0
1789822447,2026-09-19T12:54:07Z,1283809125,1327867974005041,1349256575324375,96.0
1789822509,2026-09-19T12:55:09Z,1283809125,1327867974005041,1349318008341583,96.0
1789822570,2026-09-19T12:56:10Z,1283809125,1327867974005041,1349379466785333,96.0
1789822632,2026-09-19T12:57:12Z,1283809125,1327867974005041,1349440887828041,96.0
1789822693,2026-09-19T12:58:13Z,1283809125,1327867974005041,1349502276954750,96.0
1789822755,2026-09-19T12:59:15Z,1283809125,1327867974005041,1349563670804083,96.0
1789822816,2026-09-19T13:00:16Z,1283809125,1327867974005041,1349625064641500,96.0
1789822877,2026-09-19T13:01:17Z,1283809125,1327867974005041,1349686449682833,96.0
1789822939,2026-09-19T13:02:19Z,1283809125,1327867974005041,1349747912665541,96.0
1789823000,2026-09-19T13:03:20Z,1283809125,1327867974005041,1349809331277041,96.0
1789823062,2026-09-19T13:04:22Z,1283809125,1327867974005041,1349870714850875,96.0
1789823123,2026-09-19T13:05:23Z,1283809125,1327867974005041,1349932113826541,96.0
1789823184,2026-09-19T13:06:24Z,1283809125,1327867974005041,1349993522648208,96.0
1789823246,2026-09-19T13:07:26Z,1283809125,1327867974005041,1350054986333250,96.0
1789823307,2026-09-19T13:08:27Z,1283809125,1327867974005041,1350116407771375,96.0
1789823369,2026-09-19T13:09:29Z,1283809125,1327867974005041,1350177916402833,96.0
1789823430,2026-09-19T13:10:30Z,1283809125,1327867974005041,1350239335954208,96.0
1789823492,2026-09-19T13:11:32Z,1283809125,1327867974005041,1350300723667833,96.0
1789823553,2026-09-19T13:12:33Z,1283809125,1327867974005041,1350362092640083,96.0
1789823614,2026-09-19T13:13:34Z,1283809125,1327867974005041,1350423499835916,96.0
1789823676,2026-09-19T13:14:36Z,1283809125,1327867974005041,1350484877061791,96.0
1789823737,2026-09-19T13:15:37Z,1283809125,1327867974005041,1350546218791458,95.0
1789823798,2026-09-19T13:16:38Z,1283809125,1327867974005041,1350607610117708,96.0
1789823860,2026-09-19T13:17:40Z,1283809125,1327867974005041,1350668993869916,95.0
1789823921,2026-09-19T13:18:41Z,1283809125,1327867974005041,1350730400991708,96.0
1789823983,2026-09-19T13:19:43Z,1283809125,1327867974005041,1350791832367708,96.0
1789824044,2026-09-19T13:20:44Z,1283809125,1327867974005041,1350853253781458,95.0
1789824106,2026-09-19T13:21:46Z,1283809125,1327867974005041,1350914697777416,96.0
1789824167,2026-09-19T13:22:47Z,1283809125,1327867974005041,1350976103722041,96.0
1789824228,2026-09-19T13:23:48Z,1283809125,1327867974005041,1351037524040500,96.0
1789824290,2026-09-19T13:24:50Z,1283809125,1327867974005041,1351098933102458,96.0
1789824351,2026-09-19T13:25:51Z,1283809125,1327867974005041,1351160395370666,96.0
1789824413,2026-09-19T13:26:53Z,1283809125,1327867974005041,1351221816248458,96.0
1789824474,2026-09-19T13:27:54Z,1283809125,1327867974005041,1351283258810000,96.0
1789824536,2026-09-19T13:28:56Z,1283809125,1327867974005041,1351344708128625,96.0
1789824597,2026-09-19T13:29:57Z,1283809125,1327867974005041,1351406145476791,96.0
1789824659,2026-09-19T13:30:59Z,1290956958,1351452584571500,1351467628873875,124.0
1789824720,2026-09-19T13:32:00Z,1290956958,1351452584571500,1351529323169208,120.0
1789824782,2026-09-19T13:33:02Z,1290956958,1351452584571500,1351590774950250,97.0
1789824843,2026-09-19T13:34:03Z,1290956958,1351452584571500,1351652179664041,97.0
1789824904,2026-09-19T13:35:04Z,1290956958,1351452584571500,1351713582207375,97.0
1789824966,2026-09-19T13:36:06Z,1290956958,1351452584571500,1351774977770333,97.0
1789825027,2026-09-19T13:37:07Z,1290956958,1351452584571500,1351836348374375,97.0
1789825089,2026-09-19T13:38:09Z,1290956958,1351452584571500,1351897828646125,97.0
1789825150,2026-09-19T13:39:10Z,1290956958,1351452584571500,1351959361211125,97.0
1789825212,2026-09-19T13:40:12Z,1290956958,1351452584571500,1352020816752333,97.0
1789825273,2026-09-19T13:41:13Z,1290956958,1351452584571500,1352082337299208,97.0
1789825335,2026-09-19T13:42:15Z,1290956958,1351452584571500,1352143793200875,97.0
1789825396,2026-09-19T13:43:16Z,1290956958,1351452584571500,1352205219015125,97.0
1789825457,2026-09-19T13:44:17Z,1290956958,1351452584571500,1352266622989791,97.0
1789825519,2026-09-19T13:45:19Z,1290956958,1351452584571500,1352328035967083,97.0
1789825580,2026-09-19T13:46:20Z,1290956958,1351452584571500,1352389429864541,97.0
1789825642,2026-09-19T13:47:22Z,1290956958,1351452584571500,1352450833862333,97.0
1789825703,2026-09-19T13:48:23Z,1290956958,1351452584571500,1352512265397125,97.0
1789825765,2026-09-19T13:49:25Z,1290956958,1351452584571500,1352573700156416,97.0
1789825826,2026-09-19T13:50:26Z,1290956958,1351452584571500,1352635109287416,97.0
1789825887,2026-09-19T13:51:27Z,1290956958,1351452584571500,1352696558504208,97.0
1789825949,2026-09-19T13:52:29Z,1290956958,1351452584571500,1352757986241625,97.0
1789826010,2026-09-19T13:53:30Z,1290956958,1351452584571500,1352819421318583,97.0
1789826072,2026-09-19T13:54:32Z,1290956958,1351452584571500,1352880836637583,97.0
1789826133,2026-09-19T13:55:33Z,1290956958,1351452584571500,1352942245583291,97.0
1789826194,2026-09-19T13:56:34Z,1290956958,1351452584571500,1353003658112291,97.0
1789826256,2026-09-19T13:57:36Z,1290956958,1351452584571500,1353065079881750,97.0
1789826317,2026-09-19T13:58:37Z,1290956958,1351452584571500,1353126521110958,97.0
1789826379,2026-09-19T13:59:39Z,1290956958,1351452584571500,1353187925218958,97.0
1789826440,2026-09-19T14:00:40Z,1290956958,1351452584571500,1353249333848875,97.0
1789826502,2026-09-19T14:01:42Z,1290956958,1351452584571500,1353310726447166,97.0
1789826563,2026-09-19T14:02:43Z,1290956958,1351452584571500,1353372128151791,97.0
1789826624,2026-09-19T14:03:44Z,1290956958,1351452584571500,1353433520757416,97.0
1789826686,2026-09-19T14:04:46Z,1290956958,1351452584571500,1353494957723458,97.0
1789826747,2026-09-19T14:05:47Z,1290956958,1351452584571500,1353556348993291,97.0
1789826809,2026-09-19T14:06:49Z,1290956958,1351452584571500,1353617786447875,97.0
1789826870,2026-09-19T14:07:50Z,1290956958,1351452584571500,1353679231761500,97.0
1789826931,2026-09-19T14:08:51Z,1290956958,1351452584571500,1353740646016958,97.0
1789826993,2026-09-19T14:09:53Z,1290956958,1351452584571500,1353802118227000,97.0
1789827054,2026-09-19T14:10:54Z,1290956958,1351452584571500,1353863517811333,97.0
1789827116,2026-09-19T14:11:56Z,1290956958,1351452584571500,1353924976406875,97.0
1789827177,2026-09-19T14:12:57Z,1290956958,1351452584571500,1353986433114000,97.0
1789827239,2026-09-19T14:13:59Z,1290956958,1351452584571500,1354047844887958,97.0
1789827300,2026-09-19T14:15:00Z,1290956958,1351452584571500,1354109282647625,97.0
1789827362,2026-09-19T14:16:02Z,1290956958,1351452584571500,1354170723145083,97.0
1789827423,2026-09-19T14:17:03Z,1290956958,1351452584571500,1354232137886583,97.0
1789827484,2026-09-19T14:18:04Z,1290956958,1351452584571500,1354293538294166,97.0
1789827546,2026-09-19T14:19:06Z,1290956958,1351452584571500,1354354980567291,97.0
1789827607,2026-09-19T14:20:07Z,1290956958,1351452584571500,1354416419501041,97.0
1789827669,2026-09-19T14:21:09Z,1290956958,1351452584571500,1354477834870083,97.0
1789827730,2026-09-19T14:22:10Z,1290956958,1351452584571500,1354539284557083,97.0
1789827792,2026-09-19T14:23:12Z,1290956958,1351452584571500,1354600714456583,97.0
1789827853,2026-09-19T14:24:13Z,1290956958,1351452584571500,1354662277145250,97.0
1789827915,2026-09-19T14:25:15Z,1290956958,1351452584571500,1354723766690083,97.0
1789827976,2026-09-19T14:26:16Z,1290956958,1351452584571500,1354785227827625,97.0
1789828037,2026-09-19T14:27:17Z,1290956958,1351452584571500,1354846677306541,97.0
1789828099,2026-09-19T14:28:19Z,1290956958,1351452584571500,1354908097147708,97.0
1789828160,2026-09-19T14:29:20Z,1290956958,1351452584571500,1354969502611666,97.0
1789828222,2026-09-19T14:30:22Z,1290956958,1351452584571500,1355030924466791,97.0
1789828283,2026-09-19T14:31:23Z,1290956958,1351452584571500,1355092453607875,97.0
1789828345,2026-09-19T14:32:25Z,1290956958,1351452584571500,1355154019390541,97.0
1789828406,2026-09-19T14:33:26Z,1290956958,1351452584571500,1355215459546958,97.0
1789828468,2026-09-19T14:34:28Z,1290956958,1351452584571500,1355277013944625,97.0
1789828529,2026-09-19T14:35:29Z,1290956958,1351452584571500,1355338488042875,97.0
1789828591,2026-09-19T14:36:31Z,1290956958,1351452584571500,1355400001313375,97.0
1789828652,2026-09-19T14:37:32Z,1290956958,1351452584571500,1355461547482208,97.0
1789828714,2026-09-19T14:38:34Z,1290956958,1351452584571500,1355523042277333,97.0
1789828775,2026-09-19T14:39:35Z,1290956958,1351452584571500,1355584587976208,97.0
1789828837,2026-09-19T14:40:37Z,1290956958,1351452584571500,1355646052644250,97.0
1789828898,2026-09-19T14:41:38Z,1290956958,1351452584571500,1355707471942958,97.0
1789828960,2026-09-19T14:42:40Z,1290956958,1351452584571500,1355768944705416,97.0
1789829021,2026-09-19T14:43:41Z,1290956958,1351452584571500,1355830398961416,97.0
1789829083,2026-09-19T14:44:43Z,1290956958,1351452584571500,1355891817847291,97.0
1789829144,2026-09-19T14:45:44Z,1290956958,1351452584571500,1355953300637333,97.0
1789829206,2026-09-19T14:46:46Z,1290956958,1351452584571500,1356014715554666,97.0
1789829267,2026-09-19T14:47:47Z,1290956958,1351452584571500,1356076115339500,97.0
1789829329,2026-09-19T14:48:49Z,1290956958,1351452584571500,1356137668295500,97.0
1789829390,2026-09-19T14:49:50Z,1290956958,1351452584571500,1356199129067083,97.0
1789829451,2026-09-19T14:50:51Z,1290956958,1351452584571500,1356260594621291,97.0
1789829513,2026-09-19T14:51:53Z,1290956958,1351452584571500,1356322180925666,97.0
1789829575,2026-09-19T14:52:55Z,1290956958,1351452584571500,1356383810041750,97.0
1789829636,2026-09-19T14:53:56Z,1290956958,1351452584571500,1356445298205916,97.0
1789829698,2026-09-19T14:54:58Z,1290956958,1351452584571500,1356506803682708,97.0
1789829759,2026-09-19T14:55:59Z,1290956958,1351452584571500,1356568241011250,97.0
1789829821,2026-09-19T14:57:01Z,1290956958,1351452584571500,1356629685488625,97.0
1789829882,2026-09-19T14:58:02Z,1290956958,1351452584571500,1356691116960833,97.0
1789829943,2026-09-19T14:59:03Z,1290956958,1351452584571500,1356752619422500,97.0
1789830005,2026-09-19T15:00:05Z,1290956958,1351452584571500,1356814353557125,97.0
1789830067,2026-09-19T15:01:07Z,1290956958,1351452584571500,1356875910256458,97.0
1789830128,2026-09-19T15:02:08Z,1290956958,1351452584571500,1356937497995458,97.0
1789830190,2026-09-19T15:03:10Z,1290956958,1351452584571500,1356999022837000,97.0
1789830251,2026-09-19T15:04:11Z,1290956958,1351452584571500,1357060478601583,97.0
1789830313,2026-09-19T15:05:13Z,1290956958,1351452584571500,1357121905235833,97.0
1789830374,2026-09-19T15:06:14Z,1290956958,1351452584571500,1357183361991000,97.0
1789830436,2026-09-19T15:07:16Z,1290956958,1351452584571500,1357244779697791,97.0
1789830497,2026-09-19T15:08:17Z,1290956958,1351452584571500,1357306208747791,97.0
1789830559,2026-09-19T15:09:19Z,1290956958,1351452584571500,1357367725133875,97.0
1789830620,2026-09-19T15:10:20Z,1290956958,1351452584571500,1357429098917250,97.0
1789830681,2026-09-19T15:11:21Z,1290956958,1351452584571500,1357490582187916,97.0
1789830743,2026-09-19T15:12:23Z,1290956958,1351452584571500,1357551938816500,97.0
1789830804,2026-09-19T15:13:24Z,1290956958,1351452584571500,1357613356060500,97.0
1789830866,2026-09-19T15:14:26Z,1290956958,1351452584571500,1357674837822750,97.0
1789830927,2026-09-19T15:15:27Z,1290956958,1351452584571500,1357736247261666,97.0
1789830988,2026-09-19T15:16:28Z,1290956958,1351452584571500,1357797663905791,97.0
1789831050,2026-09-19T15:17:30Z,1290956958,1351452584571500,1357859163651833,97.0
1789831111,2026-09-19T15:18:31Z,1290956958,1351452584571500,1357920667799375,97.0
1789831173,2026-09-19T15:19:33Z,1290956958,1351452584571500,1357982156730458,97.0
1789831234,2026-09-19T15:20:34Z,1290956958,1351452584571500,1358043652143333,97.0
1789831296,2026-09-19T15:21:36Z,1290956958,1351452584571500,1358105086558333,97.0
1789831357,2026-09-19T15:22:37Z,1290956958,1351452584571500,1358166446173333,97.0
1789831419,2026-09-19T15:23:39Z,1290956958,1351452584571500,1358227915195291,97.0
1789831480,2026-09-19T15:24:40Z,1290956958,1351452584571500,1358289357040416,97.0
1789831542,2026-09-19T15:25:42Z,1290956958,1351452584571500,1358350795372250,97.0
1789831603,2026-09-19T15:26:43Z,1290956958,1351452584571500,1358412186919708,97.0
1789831664,2026-09-19T15:27:44Z,1290956958,1351452584571500,1358473562029250,97.0
1789831726,2026-09-19T15:28:46Z,1290956958,1351452584571500,1358534981753791,97.0
1789831787,2026-09-19T15:29:47Z,1290956958,1351452584571500,1358596415529750,97.0
1789831849,2026-09-19T15:30:49Z,1290956958,1351452584571500,1358657905464291,97.0
1789831910,2026-09-19T15:31:50Z,1290956958,1351452584571500,1358719339753791,97.0
1789831972,2026-09-19T15:32:52Z,1290956958,1351452584571500,1358780879244791,97.0
1789832033,2026-09-19T15:33:53Z,1290956958,1351452584571500,1358842291526083,97.0
1789832095,2026-09-19T15:34:55Z,1290956958,1351452584571500,1358903721982458,97.0
1789832156,2026-09-19T15:35:56Z,1290956958,1351452584571500,1358965146390291,97.0
1789832217,2026-09-19T15:36:57Z,1290956958,1351452584571500,1359026564139250,97.0
1789832279,2026-09-19T15:37:59Z,1290956958,1351452584571500,1359087970596916,97.0
1789832340,2026-09-19T15:39:00Z,1290956958,1351452584571500,1359149429838333,97.0
1789832402,2026-09-19T15:40:02Z,1290956958,1351452584571500,1359210902262250,97.0
1789832463,2026-09-19T15:41:03Z,1290956958,1351452584571500,1359272323880250,97.0
1789832525,2026-09-19T15:42:05Z,1290956958,1351452584571500,1359333705067291,97.0
1789832586,2026-09-19T15:43:06Z,1290956958,1351452584571500,1359395141049000,97.0
1789832647,2026-09-19T15:44:07Z,1290956958,1351452584571500,1359456545032083,97.0
1789832709,2026-09-19T15:45:09Z,1290956958,1351452584571500,1359517937145958,97.0
1789832770,2026-09-19T15:46:10Z,1290956958,1351452584571500,1359579481156583,97.0
1789832832,2026-09-19T15:47:12Z,1290956958,1351452584571500,1359640886915583,97.0
1789832893,2026-09-19T15:48:13Z,1290956958,1351452584571500,1359702314352375,97.0
1789832955,2026-09-19T15:49:15Z,1290956958,1351452584571500,1359763744216750,97.0
1789833016,2026-09-19T15:50:16Z,1290956958,1351452584571500,1359825152939125,97.0
1789833077,2026-09-19T15:51:17Z,1290956958,1351452584571500,1359886540075583,97.0
1789833139,2026-09-19T15:52:19Z,1290956958,1351452584571500,1359947930768083,97.0
1789833200,2026-09-19T15:53:20Z,1290956958,1351452584571500,1360009334103458,97.0
1789833262,2026-09-19T15:54:22Z,1290956958,1351452584571500,1360070741358791,97.0
1789833323,2026-09-19T15:55:23Z,1290956958,1351452584571500,1360132247858333,97.0
1789833385,2026-09-19T15:56:25Z,1290956958,1351452584571500,1360193751528041,97.0
1789833446,2026-09-19T15:57:26Z,1290956958,1351452584571500,1360255277678375,97.0
1789833508,2026-09-19T15:58:28Z,1290956958,1351452584571500,1360316710972041,97.0
1789833569,2026-09-19T15:59:29Z,1290956958,1351452584571500,1360378164626125,97.0
1789833630,2026-09-19T16:00:30Z,1290956958,1351452584571500,1360439593568875,97.0
1789833692,2026-09-19T16:01:32Z,1290956958,1351452584571500,1360501024965250,97.0
1789833753,2026-09-19T16:02:33Z,1290956958,1351452584571500,1360562442200458,97.0
1789833815,2026-09-19T16:03:35Z,1290956958,1351452584571500,1360623915597083,97.0
1789833876,2026-09-19T16:04:36Z,1290956958,1351452584571500,1360685324383083,97.0
1789833938,2026-09-19T16:05:38Z,1290956958,1351452584571500,1360746738697958,97.0
1789833999,2026-09-19T16:06:39Z,1290956958,1351452584571500,1360808216148208,97.0
1789834060,2026-09-19T16:07:40Z,1290956958,1351452584571500,1360869618649958,97.0
1789834122,2026-09-19T16:08:42Z,1290956958,1351452584571500,1360931022453541,97.0
1789834183,2026-09-19T16:09:43Z,1290956958,1351452584571500,1360992435934791,97.0
1789834245,2026-09-19T16:10:45Z,1290956958,1351452584571500,1361053920855208,97.0
1789834306,2026-09-19T16:11:46Z,1290956958,1351452584571500,1361115328750375,97.0
1789834368,2026-09-19T16:12:48Z,1290956958,1351452584571500,1361176725709583,97.0
1789834429,2026-09-19T16:13:49Z,1290956958,1351452584571500,1361238127065000,97.0
1789834490,2026-09-19T16:14:50Z,1290956958,1351452584571500,1361299585225458,97.0
1789834552,2026-09-19T16:15:52Z,1290956958,1351452584571500,1361360959993500,97.0
1789834613,2026-09-19T16:16:53Z,1290956958,1351452584571500,1361422412383458,97.0
1789834675,2026-09-19T16:17:55Z,1290956958,1351452584571500,1361483851756750,97.0
1789834736,2026-09-19T16:18:56Z,1290956958,1351452584571500,1361545256711041,97.0
1789834797,2026-09-19T16:19:57Z,1290956958,1351452584571500,1361606683241041,97.0
1789834859,2026-09-19T16:20:59Z,1290956958,1351452584571500,1361668117905458,97.0
1789834920,2026-09-19T16:22:00Z,1290956958,1351452584571500,1361729539590833,97.0
1789834982,2026-09-19T16:23:02Z,1290956958,1351452584571500,1361790988874833,97.0
1789835043,2026-09-19T16:24:03Z,1290956958,1351452584571500,1361852412234416,97.0
1789835105,2026-09-19T16:25:05Z,1290956958,1351452584571500,1361913829085625,97.0
1789835166,2026-09-19T16:26:06Z,1290956958,1351452584571500,1361975258505250,97.0
1789835228,2026-09-19T16:27:08Z,1290956958,1351452584571500,1362036650930625,97.0
1789835289,2026-09-19T16:28:09Z,1290956958,1351452584571500,1362098055390333,97.0
1789835350,2026-09-19T16:29:10Z,1290956958,1351452584571500,1362159494594708,97.0
1789835412,2026-09-19T16:30:12Z,1290956958,1351452584571500,1362220934581416,97.0
1789835473,2026-09-19T16:31:13Z,1290956958,1351452584571500,1362282354657708,97.0
1789835535,2026-09-19T16:32:15Z,1290956958,1351452584571500,1362343781550708,97.0
1789835596,2026-09-19T16:33:16Z,1290956958,1351452584571500,1362405162396666,97.0
1789835657,2026-09-19T16:34:17Z,1290956958,1351452584571500,1362466575440750,97.0
1789835719,2026-09-19T16:35:19Z,1290956958,1351452584571500,1362527993173500,97.0
1789835780,2026-09-19T16:36:20Z,1290956958,1351452584571500,1362589423230708,97.0
1789835842,2026-09-19T16:37:22Z,1290956958,1351452584571500,1362650872290041,97.0
1789835903,2026-09-19T16:38:23Z,1290956958,1351452584571500,1362712298177625,97.0
1789835965,2026-09-19T16:39:25Z,1290956958,1351452584571500,1362773727595208,97.0
1789836026,2026-09-19T16:40:26Z,1290956958,1351452584571500,1362835148476625,97.0
1789836087,2026-09-19T16:41:27Z,1290956958,1351452584571500,1362896578951791,97.0
1789836149,2026-09-19T16:42:29Z,1290956958,1351452584571500,1362958018828500,97.0
1789836210,2026-09-19T16:43:30Z,1290956958,1351452584571500,1363019442671500,97.0
1789836272,2026-09-19T16:44:32Z,1290956958,1351452584571500,1363080877970333,97.0
1789836333,2026-09-19T16:45:33Z,1290956958,1351452584571500,1363142339745125,97.0
1789836395,2026-09-19T16:46:35Z,1290956958,1351452584571500,1363203804502583,97.0
1789836456,2026-09-19T16:47:36Z,1290956958,1351452584571500,1363265264895083,97.0
1789836518,2026-09-19T16:48:38Z,1290956958,1351452584571500,1363326815841416,97.0
1789836579,2026-09-19T16:49:39Z,1290956958,1351452584571500,1363388209500541,97.0
1789836640,2026-09-19T16:50:40Z,1290956958,1351452584571500,1363449583697208,97.0
1789836702,2026-09-19T16:51:42Z,1290956958,1351452584571500,1363510982962625,97.0
1789836763,2026-09-19T16:52:43Z,1290956958,1351452584571500,1363572436141625,97.0
1789836825,2026-09-19T16:53:45Z,1290956958,1351452584571500,1363633831435666,97.0
1789836886,2026-09-19T16:54:46Z,1290956958,1351452584571500,1363695215819416,97.0
1789836948,2026-09-19T16:55:48Z,1290956958,1351452584571500,1363756648343416,97.0
1789837009,2026-09-19T16:56:49Z,1290956958,1351452584571500,1363818066513875,97.0
1789837070,2026-09-19T16:57:50Z,1290956958,1351452584571500,1363879522054958,97.0
1789837132,2026-09-19T16:58:52Z,1290956958,1351452584571500,1363940935920625,97.0
1789837193,2026-09-19T16:59:53Z,1290956958,1351452584571500,1364002303550250,97.0
1789837255,2026-09-19T17:00:55Z,1290956958,1351452584571500,1364063712758625,97.0
1789837316,2026-09-19T17:01:56Z,1290956958,1351452584571500,1364125104924416,97.0
1789837377,2026-09-19T17:02:57Z,1290956958,1351452584571500,1364186529584833,97.0
1789837439,2026-09-19T17:03:59Z,1290956958,1351452584571500,1364248000967458,97.0
1789837500,2026-09-19T17:05:00Z,1290956958,1351452584571500,1364309417206916,97.0
1789837562,2026-09-19T17:06:02Z,1293277583,1364318143640833,1364370830780250,122.0
1789837623,2026-09-19T17:07:03Z,1293277583,1364318143640833,1364432254575250,122.0
1789837685,2026-09-19T17:08:05Z,1293277583,1364318143640833,1364493645260083,98.0
1789837746,2026-09-19T17:09:06Z,1293277583,1364318143640833,1364555072475791,98.0
1789837807,2026-09-19T17:10:07Z,1293277583,1364318143640833,1364616542267416,98.0
1789837869,2026-09-19T17:11:09Z,1293277583,1364318143640833,1364677955742833,98.0
1789837930,2026-09-19T17:12:10Z,1293277583,1364318143640833,1364739438900333,98.0
1789837992,2026-09-19T17:13:12Z,1293277583,1364318143640833,1364800889468000,98.0
1789838053,2026-09-19T17:14:13Z,1293277583,1364318143640833,1364862393748250,98.0
1789838115,2026-09-19T17:15:15Z,1293277583,1364318143640833,1364923798445333,98.0
1789838176,2026-09-19T17:16:16Z,1293277583,1364318143640833,1364985205291375,98.0
1789838237,2026-09-19T17:17:17Z,1293277583,1364318143640833,1365046567131708,98.0
1789838299,2026-09-19T17:18:19Z,1293277583,1364318143640833,1365107973097083,98.0
1789838360,2026-09-19T17:19:20Z,1293277583,1364318143640833,1365169377705208,98.0
1789838422,2026-09-19T17:20:22Z,1293277583,1364318143640833,1365230847834416,98.0
1789838483,2026-09-19T17:21:23Z,1293277583,1364318143640833,1365292260347041,98.0
1789838545,2026-09-19T17:22:25Z,1293277583,1364318143640833,1365353678749958,98.0
1789838606,2026-09-19T17:23:26Z,1293277583,1364318143640833,1365415085611875,98.0
1789838667,2026-09-19T17:24:27Z,1293277583,1364318143640833,1365476537282625,98.0
1789838729,2026-09-19T17:25:29Z,1293277583,1364318143640833,1365538047869291,98.0
1789838790,2026-09-19T17:26:30Z,1293277583,1364318143640833,1365599477181333,98.0
1789838852,2026-09-19T17:27:32Z,1293277583,1364318143640833,1365660898034708,98.0
1789838913,2026-09-19T17:28:33Z,1293277583,1364318143640833,1365722304789958,98.0
1789838975,2026-09-19T17:29:35Z,1293277583,1364318143640833,1365783706766083,98.0
1789839036,2026-09-19T17:30:36Z,1293277583,1364318143640833,1365845148250375,98.0
1789839097,2026-09-19T17:31:37Z,1293277583,1364318143640833,1365906590698250,98.0
1789839159,2026-09-19T17:32:39Z,1293277583,1364318143640833,1365967966127500,98.0
1789839220,2026-09-19T17:33:40Z,1293277583,1364318143640833,1366029359654166,98.0
1789839282,2026-09-19T17:34:42Z,1293277583,1364318143640833,1366090784754625,98.0
1789839343,2026-09-19T17:35:43Z,1293277583,1364318143640833,1366152183468375,98.0
1789839405,2026-09-19T17:36:45Z,1293277583,1364318143640833,1366213603926750,98.0
1789839466,2026-09-19T17:37:46Z,1293277583,1364318143640833,1366275026492041,98.0
1789839527,2026-09-19T17:38:47Z,1293277583,1364318143640833,1366336534509708,98.0
1789839589,2026-09-19T17:39:49Z,1293277583,1364318143640833,1366397959029583,98.0
1789839650,2026-09-19T17:40:50Z,1293277583,1364318143640833,1366459362435291,98.0
1789839712,2026-09-19T17:41:52Z,1293277583,1364318143640833,1366520699014041,98.0
1789839773,2026-09-19T17:42:53Z,1293277583,1364318143640833,1366582172221666,98.0
1789839835,2026-09-19T17:43:55Z,1293277583,1364318143640833,1366643663345000,98.0
1789839896,2026-09-19T17:44:56Z,1293277583,1364318143640833,1366705111480958,98.0
1789839957,2026-09-19T17:45:57Z,1293277583,1364318143640833,1366766571795166,98.0
1789840019,2026-09-19T17:46:59Z,1293277583,1364318143640833,1366827999443750,98.0
1789840080,2026-09-19T17:48:00Z,1293277583,1364318143640833,1366889464668458,98.0
1789840142,2026-09-19T17:49:02Z,1293277583,1364318143640833,1366950925839208,98.0
1789840203,2026-09-19T17:50:03Z,1293277583,1364318143640833,1367012342773083,98.0
1789840265,2026-09-19T17:51:05Z,1293277583,1364318143640833,1367073705955958,98.0
1789840326,2026-09-19T17:52:06Z,1293277583,1364318143640833,1367135126261166,98.0
1789840387,2026-09-19T17:53:07Z,1293277583,1364318143640833,1367196564173833,98.0
1789840449,2026-09-19T17:54:09Z,1293277583,1364318143640833,1367257921866125,98.0
1789840510,2026-09-19T17:55:10Z,1293277583,1364318143640833,1367319300542791,98.0
1789840572,2026-09-19T17:56:12Z,1293277583,1364318143640833,1367380713410333,98.0
1789840633,2026-09-19T17:57:13Z,1293277583,1364318143640833,1367442094915291,98.0
1789840694,2026-09-19T17:58:14Z,1293277583,1364318143640833,1367503524711666,98.0
1789840756,2026-09-19T17:59:16Z,1293277583,1364318143640833,1367564962468958,98.0
1789840817,2026-09-19T18:00:17Z,1293277583,1364318143640833,1367626328701791,98.0
1789840879,2026-09-19T18:01:19Z,1293277583,1364318143640833,1367687706726291,98.0
1789840940,2026-09-19T18:02:20Z,1293277583,1364318143640833,1367749103213833,98.0
1789841001,2026-09-19T18:03:21Z,1293277583,1364318143640833,1367810503290333,98.0
1789841063,2026-09-19T18:04:23Z,1293277583,1364318143640833,1367871885451250,98.0
1789841124,2026-09-19T18:05:24Z,1293277583,1364318143640833,1367933276547958,98.0
1789841186,2026-09-19T18:06:26Z,1293277583,1364318143640833,1367994695298541,98.0
1789841247,2026-09-19T18:07:27Z,1293277583,1364318143640833,1368056088571375,98.0
1789841308,2026-09-19T18:08:28Z,1293277583,1364318143640833,1368117513857000,98.0
1789841370,2026-09-19T18:09:30Z,1293277583,1364318143640833,1368178943524458,98.0
1789841431,2026-09-19T18:10:31Z,1293277583,1364318143640833,1368240371965416,98.0
1789841493,2026-09-19T18:11:33Z,1293277583,1364318143640833,1368301753352083,98.0
1789841554,2026-09-19T18:12:34Z,1293277583,1364318143640833,1368363150358666,98.0
1789841615,2026-09-19T18:13:35Z,1293277583,1364318143640833,1368424530483875,98.0
1789841677,2026-09-19T18:14:37Z,1293277583,1364318143640833,1368485938248708,98.0
1789841738,2026-09-19T18:15:38Z,1293277583,1364318143640833,1368547298449458,98.0
1789841800,2026-09-19T18:16:40Z,1293277583,1364318143640833,1368608678479208,98.0
1789841861,2026-09-19T18:17:41Z,1293277583,1364318143640833,1368670067592458,98.0
1789841922,2026-09-19T18:18:42Z,1293277583,1364318143640833,1368731445608958,98.0
1789841984,2026-09-19T18:19:44Z,1293277583,1364318143640833,1368792836517041,98.0
1789842045,2026-09-19T18:20:45Z,1293277583,1364318143640833,1368854350767166,98.0
1789842107,2026-09-19T18:21:47Z,1293277583,1364318143640833,1368915706509125,98.0
1789842168,2026-09-19T18:22:48Z,1293277583,1364318143640833,1368977081169125,98.0
1789842229,2026-09-19T18:23:49Z,1293277583,1364318143640833,1369038481303250,98.0
1789842291,2026-09-19T18:24:51Z,1293277583,1364318143640833,1369099899575208,98.0
1789842352,2026-09-19T18:25:52Z,1293277583,1364318143640833,1369161269076125,98.0
1789842414,2026-09-19T18:26:54Z,1293277583,1364318143640833,1369222663239750,98.0
1789842475,2026-09-19T18:27:55Z,1293277583,1364318143640833,1369284071660333,98.0
1789842536,2026-09-19T18:28:56Z,1293277583,1364318143640833,1369345424965708,98.0
1789842598,2026-09-19T18:29:58Z,1293277583,1364318143640833,1369406812106833,98.0
1789842659,2026-09-19T18:30:59Z,1293277583,1364318143640833,1369468165187458,98.0
1789842720,2026-09-19T18:32:00Z,1293277583,1364318143640833,1369529574927166,98.0
1789842782,2026-09-19T18:33:02Z,1293277583,1364318143640833,1369590959441833,98.0
1789842843,2026-09-19T18:34:03Z,1293277583,1364318143640833,1369652292715875,98.0
1789842905,2026-09-19T18:35:05Z,1293277583,1364318143640833,1369713672024541,98.0
1789842966,2026-09-19T18:36:06Z,1293277583,1364318143640833,1369775074259791,98.0
1789843027,2026-09-19T18:37:07Z,1293277583,1364318143640833,1369836419957166,98.0
1789843089,2026-09-19T18:38:09Z,1293277583,1364318143640833,1369898011971625,98.0
1789843150,2026-09-19T18:39:10Z,1293277583,1364318143640833,1369959473141708,98.0
1789843212,2026-09-19T18:40:12Z,1293277583,1364318143640833,1370020924494958,98.0
1789843273,2026-09-19T18:41:13Z,1293277583,1364318143640833,1370082380982083,98.0
1789843335,2026-09-19T18:42:15Z,1293277583,1364318143640833,1370143778957958,98.0
1789843396,2026-09-19T18:43:16Z,1293277583,1364318143640833,1370205116450750,98.0
1789843457,2026-09-19T18:44:17Z,1293277583,1364318143640833,1370266465868583,98.0
1789843519,2026-09-19T18:45:19Z,1293277583,1364318143640833,1370327849800291,98.0
1789843580,2026-09-19T18:46:20Z,1293277583,1364318143640833,1370389214104041,98.0
1789843641,2026-09-19T18:47:21Z,1293277583,1364318143640833,1370450596655416,98.0
1789843703,2026-09-19T18:48:23Z,1293277583,1364318143640833,1370511990832208,98.0
1789843764,2026-09-19T18:49:24Z,1293277583,1364318143640833,1370573352330500,98.0
1789843826,2026-09-19T18:50:26Z,1293277583,1364318143640833,1370634709827250,98.0
1789843887,2026-09-19T18:51:27Z,1293277583,1364318143640833,1370696113486791,98.0
1789843948,2026-09-19T18:52:28Z,1293277583,1364318143640833,1370757525896666,98.0
1789844010,2026-09-19T18:53:30Z,1293277583,1364318143640833,1370818925197666,98.0
1789844071,2026-09-19T18:54:31Z,1293277583,1364318143640833,1370880345169583,98.0
1789844133,2026-09-19T18:55:33Z,1293277583,1364318143640833,1370941735113083,98.0
1789844194,2026-09-19T18:56:34Z,1293277583,1364318143640833,1371003123400958,98.0
1789844255,2026-09-19T18:57:35Z,1293277583,1364318143640833,1371064496448666,98.0
1789844317,2026-09-19T18:58:37Z,1293277583,1364318143640833,1371125852476500,98.0
1789844378,2026-09-19T18:59:38Z,1293277583,1364318143640833,1371187208848291,98.0
1789844439,2026-09-19T19:00:39Z,1293277583,1364318143640833,1371248557940541,98.0
1789844501,2026-09-19T19:01:41Z,1293277583,1364318143640833,1371309942140166,98.0
1789844562,2026-09-19T19:02:42Z,1293277583,1364318143640833,1371371261916708,98.0
1789844624,2026-09-19T19:03:44Z,1293277583,1364318143640833,1371432638899250,98.0
1789844685,2026-09-19T19:04:45Z,1293277583,1364318143640833,1371494008600500,98.0
1789844746,2026-09-19T19:05:46Z,1293277583,1364318143640833,1371555485276375,98.0
1789844808,2026-09-19T19:06:48Z,1293277583,1364318143640833,1371616920905666,98.0
1789844869,2026-09-19T19:07:49Z,1293277583,1364318143640833,1371678336453041,98.0
1789844931,2026-09-19T19:08:51Z,1293277583,1364318143640833,1371739748916625,98.0
1789844992,2026-09-19T19:09:52Z,1293277583,1364318143640833,1371801062418791,98.0
1789845053,2026-09-19T19:10:53Z,1293277583,1364318143640833,1371862413751875,98.0
1789845115,2026-09-19T19:11:55Z,1293277583,1364318143640833,1371923774655875,98.0
1789845176,2026-09-19T19:12:56Z,1293277583,1364318143640833,1371985119019166,98.0
1789845237,2026-09-19T19:13:57Z,1293277583,1364318143640833,1372046534210708,98.0
1789845299,2026-09-19T19:14:59Z,1293277583,1364318143640833,1372107899575250,98.0
1789845360,2026-09-19T19:16:00Z,1293277583,1364318143640833,1372169261898708,98.0
1789845422,2026-09-19T19:17:02Z,1293277583,1364318143640833,1372230638310166,98.0
1789845483,2026-09-19T19:18:03Z,1293277583,1364318143640833,1372292046575916,98.0
1789845544,2026-09-19T19:19:04Z,1293277583,1364318143640833,1372353419670750,98.0
1789845606,2026-09-19T19:20:06Z,1293277583,1364318143640833,1372414860496458,98.0
1789845667,2026-09-19T19:21:07Z,1293277583,1364318143640833,1372476227525750,98.0
1789845729,2026-09-19T19:22:09Z,1293277583,1364318143640833,1372537729351833,98.0
1789845790,2026-09-19T19:23:10Z,1293277583,1364318143640833,1372599106086875,98.0
1789845851,2026-09-19T19:24:11Z,1293277583,1364318143640833,1372660517397916,98.0
1789845913,2026-09-19T19:25:13Z,1293277583,1364318143640833,1372721916129583,98.0
1789845974,2026-09-19T19:26:14Z,1293277583,1364318143640833,1372783291136541,98.0
1789846035,2026-09-19T19:27:15Z,1293277583,1364318143640833,1372844620433958,98.0
1789846097,2026-09-19T19:28:17Z,1293277583,1364318143640833,1372905968416000,98.0
1789846158,2026-09-19T19:29:18Z,1293277583,1364318143640833,1372967419746833,98.0
1789846220,2026-09-19T19:30:20Z,1293277583,1364318143640833,1373028769380583,98.0
1789846281,2026-09-19T19:31:21Z,1293277583,1364318143640833,1373090120121375,98.0
1789846342,2026-09-19T19:32:22Z,1293277583,1364318143640833,1373151495460875,98.0
1789846404,2026-09-19T19:33:24Z,1293277583,1364318143640833,1373212836073333,98.0
1789846465,2026-09-19T19:34:25Z,1293277583,1364318143640833,1373274242798666,98.0
1789846526,2026-09-19T19:35:26Z,1293277583,1364318143640833,1373335614636958,98.0
1789846588,2026-09-19T19:36:28Z,1293277583,1364318143640833,1373397009817708,98.0
1789846649,2026-09-19T19:37:29Z,1293277583,1364318143640833,1373458484479000,98.0
1789846711,2026-09-19T19:38:31Z,1293277583,1364318143640833,1373519937987916,98.0
1789846772,2026-09-19T19:39:32Z,1293277583,1364318143640833,1373581384909541,98.0
1789846834,2026-09-19T19:40:34Z,1293277583,1364318143640833,1373642851106291,98.0
1789846895,2026-09-19T19:41:35Z,1293277583,1364318143640833,1373704239351833,98.0
1789846956,2026-09-19T19:42:36Z,1293277583,1364318143640833,1373765606125291,98.0
1789847018,2026-09-19T19:43:38Z,1293277583,1364318143640833,1373826988145708,98.0
1789847079,2026-09-19T19:44:39Z,1293277583,1364318143640833,1373888389525583,98.0
1789847141,2026-09-19T19:45:41Z,1293277583,1364318143640833,1373949757913958,98.0
1789847202,2026-09-19T19:46:42Z,1293277583,1364318143640833,1374011142704666,98.0
1789847263,2026-09-19T19:47:43Z,1293277583,1364318143640833,1374072535602916,98.0
1789847325,2026-09-19T19:48:45Z,1293277583,1364318143640833,1374133946486833,98.0
1789847386,2026-09-19T19:49:46Z,1293277583,1364318143640833,1374195319166541,98.0
1789847448,2026-09-19T19:50:48Z,1293277583,1364318143640833,1374256674286416,98.0
1789847509,2026-09-19T19:51:49Z,1293277583,1364318143640833,1374318080949291,98.0
1789847570,2026-09-19T19:52:50Z,1293277583,1364318143640833,1374379574870125,98.0
1789847632,2026-09-19T19:53:52Z,1293277583,1364318143640833,1374440921231416,98.0
1789847693,2026-09-19T19:54:53Z,1293277583,1364318143640833,1374502231057833,98.0
1789847754,2026-09-19T19:55:54Z,1293277583,1364318143640833,1374563616627708,98.0
1789847816,2026-09-19T19:56:56Z,1293277583,1364318143640833,1374625106043750,98.0
1789847877,2026-09-19T19:57:57Z,1293277583,1364318143640833,1374686517840291,98.0
1789847939,2026-09-19T19:58:59Z,1293277583,1364318143640833,1374747895060250,98.0
1789848000,2026-09-19T20:00:00Z,1293277583,1364318143640833,1374809342624541,98.0
1789848062,2026-09-19T20:01:02Z,1293277583,1364318143640833,1374870730979000,98.0
1789848123,2026-09-19T20:02:03Z,1293277583,1364318143640833,1374932059900166,98.0
1789848184,2026-09-19T20:03:04Z,1293277583,1364318143640833,1374993424549791,98.0
1789848246,2026-09-19T20:04:06Z,1293277583,1364318143640833,1375054820712625,98.0
1789848307,2026-09-19T20:05:07Z,1293277583,1364318143640833,1375116194440625,98.0
1789848368,2026-09-19T20:06:08Z,1293277583,1364318143640833,1375177594416541,98.0
1789848430,2026-09-19T20:07:10Z,1293277583,1364318143640833,1375238978058708,98.0
1789848491,2026-09-19T20:08:11Z,1293277583,1364318143640833,1375300382252500,98.0
1789848553,2026-09-19T20:09:13Z,1293277583,1364318143640833,1375361781949166,98.0
1789848614,2026-09-19T20:10:14Z,1293277583,1364318143640833,1375423258000791,98.0
1789848676,2026-09-19T20:11:16Z,1293277583,1364318143640833,1375484628832166,98.0
1789848737,2026-09-19T20:12:17Z,1293277583,1364318143640833,1375545987141458,98.0
1789848798,2026-09-19T20:13:18Z,1293277583,1364318143640833,1375607336997041,98.0
1789848860,2026-09-19T20:14:20Z,1293277583,1364318143640833,1375668706433458,98.0
1789848921,2026-09-19T20:15:21Z,1293277583,1364318143640833,1375730050230708,98.0
1789848982,2026-09-19T20:16:22Z,1293277583,1364318143640833,1375791382352125,98.0
1789849044,2026-09-19T20:17:24Z,1293277583,1364318143640833,1375852693957541,98.0
1789849105,2026-09-19T20:18:25Z,1293277583,1364318143640833,1375914063968833,98.0
1789849166,2026-09-19T20:19:26Z,1293277583,1364318143640833,1375975407369208,98.0
1789849228,2026-09-19T20:20:28Z,1293277583,1364318143640833,1376036853213125,98.0
1789849289,2026-09-19T20:21:29Z,1293277583,1364318143640833,1376098261394416,98.0
1789849351,2026-09-19T20:22:31Z,1293277583,1364318143640833,1376159667356958,98.0
1789849412,2026-09-19T20:23:32Z,1293277583,1364318143640833,1376221064466791,98.0
1789849473,2026-09-19T20:24:33Z,1293277583,1364318143640833,1376282479552916,98.0
1789849535,2026-09-19T20:25:35Z,1293277583,1364318143640833,1376343862390875,98.0
1789849596,2026-09-19T20:26:36Z,1293277583,1364318143640833,1376405239025791,98.0
1789849657,2026-09-19T20:27:37Z,1293277583,1364318143640833,1376466547243458,98.0
1789849719,2026-09-19T20:28:39Z,1293277583,1364318143640833,1376527922511916,98.0
1789849780,2026-09-19T20:29:40Z,1293277583,1364318143640833,1376589278034375,98.0
1789849842,2026-09-19T20:30:42Z,1293277583,1364318143640833,1376650645927750,98.0
1789849903,2026-09-19T20:31:43Z,1293277583,1364318143640833,1376712039229916,98.0
1789849964,2026-09-19T20:32:44Z,1293277583,1364318143640833,1376773422996250,98.0
1789850026,2026-09-19T20:33:46Z,1293277583,1364318143640833,1376834793200666,98.0
1789850087,2026-09-19T20:34:47Z,1293277583,1364318143640833,1376896268388708,98.0
1789850149,2026-09-19T20:35:49Z,1293277583,1364318143640833,1376957765966583,98.0
1789850210,2026-09-19T20:36:50Z,1293277583,1364318143640833,1377019204126083,98.0
1789850272,2026-09-19T20:37:52Z,1293277583,1364318143640833,1377080687698916,98.0
1789850333,2026-09-19T20:38:53Z,1293277583,1364318143640833,1377142058946375,98.0
1789850394,2026-09-19T20:39:54Z,1293277583,1364318143640833,1377203420681541,98.0
1789850456,2026-09-19T20:40:56Z,1293277583,1364318143640833,1377264866849208,98.0
1789850517,2026-09-19T20:41:57Z,1293277583,1364318143640833,1377326253250291,98.0
1789850579,2026-09-19T20:42:59Z,1293277583,1364318143640833,1377387650945125,98.0
1789850640,2026-09-19T20:44:00Z,1293277583,1364318143640833,1377449057385416,98.0
1789850701,2026-09-19T20:45:01Z,1293277583,1364318143640833,1377510521169166,98.0
1789850763,2026-09-19T20:46:03Z,1293277583,1364318143640833,1377571893020250,98.0
1789850824,2026-09-19T20:47:04Z,1293277583,1364318143640833,1377633221936375,98.0
1789850886,2026-09-19T20:48:06Z,1293277583,1364318143640833,1377694579414125,98.0
1789850947,2026-09-19T20:49:07Z,1293277583,1364318143640833,1377755993013958,98.0
1789851008,2026-09-19T20:50:08Z,1293277583,1364318143640833,1377817421881791,98.0
1789851070,2026-09-19T20:51:10Z,1293277583,1364318143640833,1377878849505625,98.0
1789851131,2026-09-19T20:52:11Z,1293277583,1364318143640833,1377940235015125,98.0
1789851193,2026-09-19T20:53:13Z,1293277583,1364318143640833,1378001555841208,98.0
1789851254,2026-09-19T20:54:14Z,1293277583,1364318143640833,1378062872365000,98.0
1789851315,2026-09-19T20:55:15Z,1293277583,1364318143640833,1378124220153875,98.0
1789851377,2026-09-19T20:56:17Z,1293277583,1364318143640833,1378185586975000,98.0
1789851438,2026-09-19T20:57:18Z,1293277583,1364318143640833,1378246946236708,98.0
1789851499,2026-09-19T20:58:19Z,1293277583,1364318143640833,1378308292166541,98.0
1789851561,2026-09-19T20:59:21Z,1293277583,1364318143640833,1378369682239666,98.0
1789851622,2026-09-19T21:00:22Z,1293277583,1364318143640833,1378431144542541,98.0
1789851684,2026-09-19T21:01:24Z,1293277583,1364318143640833,1378492594267416,98.0
1789851745,2026-09-19T21:02:25Z,1293277583,1364318143640833,1378553979280416,98.0
1789851806,2026-09-19T21:03:26Z,1293277583,1364318143640833,1378615328494833,98.0
1789851868,2026-09-19T21:04:28Z,1293277583,1364318143640833,1378676742481291,98.0
1789851929,2026-09-19T21:05:29Z,1293277583,1364318143640833,1378738175407375,98.0
1789851991,2026-09-19T21:06:31Z,1293277583,1364318143640833,1378799608707166,98.0
1789852052,2026-09-19T21:07:32Z,1293277583,1364318143640833,1378860988460208,98.0
1789852113,2026-09-19T21:08:33Z,1293277583,1364318143640833,1378922382576583,98.0
1789852175,2026-09-19T21:09:35Z,1293277583,1364318143640833,1378983762499416,98.0
1789852236,2026-09-19T21:10:36Z,1293277583,1364318143640833,1379045131001416,98.0
1789852297,2026-09-19T21:11:37Z,1293277583,1364318143640833,1379106538830333,98.0
1789852359,2026-09-19T21:12:39Z,1293277583,1364318143640833,1379167915265375,98.0
1789852420,2026-09-19T21:13:40Z,1293277583,1364318143640833,1379229314025833,98.0
1789852482,2026-09-19T21:14:42Z,1293277583,1364318143640833,1379290730469083,98.0
1789852543,2026-09-19T21:15:43Z,1293277583,1364318143640833,1379352152463708,98.0
1789852604,2026-09-19T21:16:44Z,1293277583,1364318143640833,1379413513383958,98.0
1789852666,2026-09-19T21:17:46Z,1293277583,1364318143640833,1379474909396875,98.0
1789852727,2026-09-19T21:18:47Z,1293277583,1364318143640833,1379536296316458,98.0
1789852789,2026-09-19T21:19:49Z,1293277583,1364318143640833,1379597677232208,98.0
1789852850,2026-09-19T21:20:50Z,1293277583,1364318143640833,1379659088408000,98.0
1789852911,2026-09-19T21:21:51Z,1293277583,1364318143640833,1379720488404791,98.0
1789852973,2026-09-19T21:22:53Z,1293277583,1364318143640833,1379781879168625,98.0
1789853034,2026-09-19T21:23:54Z,1293277583,1364318143640833,1379843265355791,98.0
1789853096,2026-09-19T21:24:56Z,1293277583,1364318143640833,1379904680755625,98.0
1789853157,2026-09-19T21:25:57Z,1293277583,1364318143640833,1379966079465500,98.0
1789853218,2026-09-19T21:26:58Z,1293277583,1364318143640833,1380027503442583,98.0
1789853280,2026-09-19T21:28:00Z,1293277583,1364318143640833,1380088966500666,98.0
1789853341,2026-09-19T21:29:01Z,1293277583,1364318143640833,1380150476204583,98.0
1789853403,2026-09-19T21:30:03Z,1293277583,1364318143640833,1380211904973083,98.0
1789853464,2026-09-19T21:31:04Z,1293277583,1364318143640833,1380273360423041,98.0
1789853526,2026-09-19T21:32:06Z,1293277583,1364318143640833,1380334772735083,98.0
1789853587,2026-09-19T21:33:07Z,1293277583,1364318143640833,1380396254830541,98.0
1789853649,2026-09-19T21:34:09Z,1293277583,1364318143640833,1380457673147708,98.0
1789853710,2026-09-19T21:35:10Z,1293277583,1364318143640833,1380519111081166,98.0
1789853771,2026-09-19T21:36:11Z,1293277583,1364318143640833,1380580485014625,98.0
1789853833,2026-09-19T21:37:13Z,1293277583,1364318143640833,1380641865106166,98.0
1789853894,2026-09-19T21:38:14Z,1293277583,1364318143640833,1380703245760125,98.0
1789853956,2026-09-19T21:39:16Z,1293277583,1364318143640833,1380764675988833,98.0
1789854017,2026-09-19T21:40:17Z,1293277583,1364318143640833,1380826012217000,98.0
1789854078,2026-09-19T21:41:18Z,1293277583,1364318143640833,1380887419241833,98.0
1789854140,2026-09-19T21:42:20Z,1293277583,1364318143640833,1380948797943083,98.0
1789854201,2026-09-19T21:43:21Z,1293277583,1364318143640833,1381010206769750,98.0
1789854263,2026-09-19T21:44:23Z,1293277583,1364318143640833,1381071583182875,98.0
1789854324,2026-09-19T21:45:24Z,1293277583,1364318143640833,1381132956329791,98.0
1789854385,2026-09-19T21:46:25Z,1293277583,1364318143640833,1381194347891708,98.0
1789854447,2026-09-19T21:47:27Z,1293277583,1364318143640833,1381255766744208,98.0
1789854508,2026-09-19T21:48:28Z,1293277583,1364318143640833,1381317205614625,98.0
1789854570,2026-09-19T21:49:30Z,1293277583,1364318143640833,1381378613518625,98.0
1789854631,2026-09-19T21:50:31Z,1293277583,1364318143640833,1381439972724458,98.0
1789854692,2026-09-19T21:51:32Z,1293277583,1364318143640833,1381501364489958,98.0
1789854754,2026-09-19T21:52:34Z,1293277583,1364318143640833,1381562742720083,98.0
1789854815,2026-09-19T21:53:35Z,1293277583,1364318143640833,1381624131922041,98.0
1789854876,2026-09-19T21:54:36Z,1293277583,1364318143640833,1381685543308125,98.0
1789854938,2026-09-19T21:55:38Z,1293277583,1364318143640833,1381746922117166,98.0
1789854999,2026-09-19T21:56:39Z,1293277583,1364318143640833,1381808335237083,98.0
1789855061,2026-09-19T21:57:41Z,1293277583,1364318143640833,1381869678062625,98.0
1789855122,2026-09-19T21:58:42Z,1293277583,1364318143640833,1381931109760750,98.0
1789855183,2026-09-19T21:59:43Z,1293277583,1364318143640833,1381992469907625,98.0
1789855245,2026-09-19T22:00:45Z,1293277583,1364318143640833,1382053841788958,98.0
1789855306,2026-09-19T22:01:46Z,1293277583,1364318143640833,1382115293559791,98.0
1789855368,2026-09-19T22:02:48Z,1293277583,1364318143640833,1382176648873916,98.0
1789855429,2026-09-19T22:03:49Z,1293277583,1364318143640833,1382238024327708,98.0
1789855490,2026-09-19T22:04:50Z,1293277583,1364318143640833,1382299419753333,98.0
1789855552,2026-09-19T22:05:52Z,1293277583,1364318143640833,1382360894441791,98.0
1789855613,2026-09-19T22:06:53Z,1293277583,1364318143640833,1382422285346833,98.0
1789855675,2026-09-19T22:07:55Z,1293277583,1364318143640833,1382483697664458,98.0
1789855736,2026-09-19T22:08:56Z,1293277583,1364318143640833,1382545077764916,98.0
1789855797,2026-09-19T22:09:57Z,1293277583,1364318143640833,1382606583952583,98.0
1789855859,2026-09-19T22:10:59Z,1293277583,1364318143640833,1382667973708458,98.0
1789855920,2026-09-19T22:12:00Z,1293277583,1364318143640833,1382729360350208,98.0
1789855982,2026-09-19T22:13:02Z,1293277583,1364318143640833,1382790796629166,98.0
1789856043,2026-09-19T22:14:03Z,1293277583,1364318143640833,1382852132903916,98.0
1789856104,2026-09-19T22:15:04Z,1293277583,1364318143640833,1382913561367041,98.0
1789856166,2026-09-19T22:16:06Z,1293277583,1364318143640833,1382974930048291,98.0
1789856227,2026-09-19T22:17:07Z,1293277583,1364318143640833,1383036390670375,98.0
1789856289,2026-09-19T22:18:09Z,1293277583,1364318143640833,1383097791838166,98.0
1789856350,2026-09-19T22:19:10Z,1293277583,1364318143640833,1383159133282458,98.0
1789856411,2026-09-19T22:20:11Z,1293277583,1364318143640833,1383220459790791,98.0
1789856473,2026-09-19T22:21:13Z,1293277583,1364318143640833,1383281821276541,98.0
1789856534,2026-09-19T22:22:14Z,1293277583,1364318143640833,1383343162807791,98.0
1789856595,2026-09-19T22:23:15Z,1293277583,1364318143640833,1383404513093708,98.0
1789856657,2026-09-19T22:24:17Z,1293277583,1364318143640833,1383465952165708,98.0
1789856718,2026-09-19T22:25:18Z,1293277583,1364318143640833,1383527393946458,98.0
1789856780,2026-09-19T22:26:20Z,1293277583,1364318143640833,1383588807409500,98.0
1789856841,2026-09-19T22:27:21Z,1293277583,1364318143640833,1383650307967791,98.0
1789856903,2026-09-19T22:28:23Z,1293277583,1364318143640833,1383711730423833,98.0
1789856964,2026-09-19T22:29:24Z,1293277583,1364318143640833,1383773106668416,98.0
1789857025,2026-09-19T22:30:25Z,1293277583,1364318143640833,1383834492342041,98.0
1789857087,2026-09-19T22:31:27Z,1293277583,1364318143640833,1383895889896416,98.0
1789857148,2026-09-19T22:32:28Z,1293277583,1364318143640833,1383957342716458,98.0
1789857210,2026-09-19T22:33:30Z,1293277583,1364318143640833,1384018752117166,98.0
1789857271,2026-09-19T22:34:31Z,1293277583,1364318143640833,1384080155244958,98.0
1789857332,2026-09-19T22:35:32Z,1293277583,1364318143640833,1384141564810500,98.0
1789857394,2026-09-19T22:36:34Z,1293277583,1364318143640833,1384203005948875,98.0
1789857455,2026-09-19T22:37:35Z,1293277583,1364318143640833,1384264358240458,98.0
1789857517,2026-09-19T22:38:37Z,1293277583,1364318143640833,1384325758253833,98.0
1789857578,2026-09-19T22:39:38Z,1293277583,1364318143640833,1384387128475958,98.0
1789857639,2026-09-19T22:40:39Z,1293277583,1364318143640833,1384448521269041,98.0
1789857701,2026-09-19T22:41:41Z,1293277583,1364318143640833,1384509882127041,98.0
1789857762,2026-09-19T22:42:42Z,1293277583,1364318143640833,1384571277863583,98.0
1789857824,2026-09-19T22:43:44Z,1293277583,1364318143640833,1384632648435666,98.0
1789857885,2026-09-19T22:44:45Z,1293277583,1364318143640833,1384694028623041,98.0
1789857946,2026-09-19T22:45:46Z,1293277583,1364318143640833,1384755409879041,98.0
1789858008,2026-09-19T22:46:48Z,1293277583,1364318143640833,1384816794957416,98.0
1789858069,2026-09-19T22:47:49Z,1293277583,1364318143640833,1384878179631333,98.0
1789858131,2026-09-19T22:48:51Z,1293277583,1364318143640833,1384939585517125,98.0
1789858192,2026-09-19T22:49:52Z,1293277583,1364318143640833,1385000980024625,98.0
1789858253,2026-09-19T22:50:53Z,1293277583,1364318143640833,1385062312809250,98.0
1789858315,2026-09-19T22:51:55Z,1293277583,1364318143640833,1385123695859458,98.0
1789858376,2026-09-19T22:52:56Z,1293277583,1364318143640833,1385185115598958,98.0
1789858437,2026-09-19T22:53:57Z,1293277583,1364318143640833,1385246532485833,98.0
1789858499,2026-09-19T22:54:59Z,1293277583,1364318143640833,1385307869396500,98.0
1789858560,2026-09-19T22:56:00Z,1293277583,1364318143640833,1385369290871375,98.0
1789858622,2026-09-19T22:57:02Z,1293277583,1364318143640833,1385430712515208,98.0
1789858683,2026-09-19T22:58:03Z,1293277583,1364318143640833,1385492052967916,98.0
1789858744,2026-09-19T22:59:04Z,1293277583,1364318143640833,1385553426846708,98.0
1789858806,2026-09-19T23:00:06Z,1293277583,1364318143640833,1385614752590208,98.0
1789858867,2026-09-19T23:01:07Z,1293277583,1364318143640833,1385676115075708,98.0
1789858928,2026-09-19T23:02:08Z,1293277583,1364318143640833,1385737504820541,98.0
1789858990,2026-09-19T23:03:10Z,1293277583,1364318143640833,1385798869089500,98.0
1789859051,2026-09-19T23:04:11Z,1293277583,1364318143640833,1385860217598416,98.0
1789859113,2026-09-19T23:05:13Z,1293277583,1364318143640833,1385921567752250,98.0
1789859174,2026-09-19T23:06:14Z,1293277583,1364318143640833,1385982934673541,98.0
1789859235,2026-09-19T23:07:15Z,1293277583,1364318143640833,1386044323142291,98.0
1789859297,2026-09-19T23:08:17Z,1293277583,1364318143640833,1386105703935708,98.0
1789859358,2026-09-19T23:09:18Z,1293277583,1364318143640833,1386167062178458,98.0
1789859419,2026-09-19T23:10:19Z,1293277583,1364318143640833,1386228403914333,98.0
1789859481,2026-09-19T23:11:21Z,1293277583,1364318143640833,1386289756124291,98.0
1789859542,2026-09-19T23:12:22Z,1293277583,1364318143640833,1386351117200083,98.0
1789859603,2026-09-19T23:13:23Z,1293277583,1364318143640833,1386412567571208,98.0
1789859665,2026-09-19T23:14:25Z,1293277583,1364318143640833,1386473950435333,98.0
1789859726,2026-09-19T23:15:26Z,1293277583,1364318143640833,1386535312150875,98.0
1789859788,2026-09-19T23:16:28Z,1293277583,1364318143640833,1386596742950333,98.0
1789859849,2026-09-19T23:17:29Z,1293277583,1364318143640833,1386658149269750,98.0
1789859910,2026-09-19T23:18:30Z,1293277583,1364318143640833,1386719507993333,98.0
1789859972,2026-09-19T23:19:32Z,1293277583,1364318143640833,1386780904835625,98.0
1789860033,2026-09-19T23:20:33Z,1293277583,1364318143640833,1386842271156416,98.0
1789860095,2026-09-19T23:21:35Z,1293277583,1364318143640833,1386903756951833,98.0
1789860156,2026-09-19T23:22:36Z,1293277583,1364318143640833,1386965132353541,98.0
1789860217,2026-09-19T23:23:37Z,1293277583,1364318143640833,1387026536477708,98.0
1789860279,2026-09-19T23:24:39Z,1293277583,1364318143640833,1387087984973750,98.0
1789860340,2026-09-19T23:25:40Z,1293277583,1364318143640833,1387149431218958,98.0
1789860402,2026-09-19T23:26:42Z,1293277583,1364318143640833,1387210870523791,98.0
1789860463,2026-09-19T23:27:43Z,1293277583,1364318143640833,1387272245777250,98.0
1789860525,2026-09-19T23:28:45Z,1293277583,1364318143640833,1387333601953416,98.0
1789860586,2026-09-19T23:29:46Z,1293277583,1364318143640833,1387394962871125,98.0
1789860647,2026-09-19T23:30:47Z,1293277583,1364318143640833,1387456297682125,98.0
1789860709,2026-09-19T23:31:49Z,1293277583,1364318143640833,1387517710796833,98.0
1789860770,2026-09-19T23:32:50Z,1293277583,1364318143640833,1387579135825333,98.0
1789860831,2026-09-19T23:33:51Z,1293277583,1364318143640833,1387640510784708,98.0
1789860893,2026-09-19T23:34:53Z,1293277583,1364318143640833,1387701901207208,98.0
1789860954,2026-09-19T23:35:54Z,1293277583,1364318143640833,1387763282533083,98.0
1789861016,2026-09-19T23:36:56Z,1293277583,1364318143640833,1387824734358083,98.0
1789861077,2026-09-19T23:37:57Z,1293277583,1364318143640833,1387886147963083,98.0
1789861138,2026-09-19T23:38:58Z,1293277583,1364318143640833,1387947541812458,98.0
1789861200,2026-09-19T23:40:00Z,1293277583,1364318143640833,1388008937252041,98.0
1789861261,2026-09-19T23:41:01Z,1293277583,1364318143640833,1388070329911166,98.0
1789861323,2026-09-19T23:42:03Z,1293277583,1364318143640833,1388131700250000,98.0
1789861384,2026-09-19T23:43:04Z,1293277583,1364318143640833,1388193163569291,98.0
1789861446,2026-09-19T23:44:06Z,1293277583,1364318143640833,1388254620812500,98.0
1789861507,2026-09-19T23:45:07Z,1293277583,1364318143640833,1388315944778708,98.0
1789861568,2026-09-19T23:46:08Z,1293277583,1364318143640833,1388377323191541,98.0
1789861630,2026-09-19T23:47:10Z,1293277583,1364318143640833,1388438731437833,98.0
1789861691,2026-09-19T23:48:11Z,1293277583,1364318143640833,1388500150120458,98.0
1789861752,2026-09-19T23:49:12Z,1293277583,1364318143640833,1388561524743458,98.0
1789861814,2026-09-19T23:50:14Z,1293277583,1364318143640833,1388622892282708,98.0
1789861875,2026-09-19T23:51:15Z,1293277583,1364318143640833,1388684245798000,98.0
1789861937,2026-09-19T23:52:17Z,1293277583,1364318143640833,1388745614720875,98.0
1789861998,2026-09-19T23:53:18Z,1293277583,1364318143640833,1388806938121958,98.0
1789862059,2026-09-19T23:54:19Z,1293277583,1364318143640833,1388868326437833,98.0
1789862121,2026-09-19T23:55:21Z,1293277583,1364318143640833,1388929730578666,98.0
1789862182,2026-09-19T23:56:22Z,1293277583,1364318143640833,1388991066868166,98.0
1789862243,2026-09-19T23:57:23Z,1293277583,1364318143640833,1389052385896375,98.0
1789862305,2026-09-19T23:58:25Z,1293277583,1364318143640833,1389113816674375,98.0
1789862366,2026-09-19T23:59:26Z,1293277583,1364318143640833,1389175244669916,98.0
1789862428,2026-09-20T00:00:28Z,1293277583,1364318143640833,1389236651450416,98.0
1789862489,2026-09-20T00:01:29Z,1293277583,1364318143640833,1389298019538541,98.0
1789862550,2026-09-20T00:02:30Z,1293277583,1364318143640833,1389359417642208,98.0
1789862612,2026-09-20T00:03:32Z,1293277583,1364318143640833,1389420851438833,98.0
1789862673,2026-09-20T00:04:33Z,1293277583,1364318143640833,1389482247932583,98.0
1789862734,2026-09-20T00:05:34Z,1293277583,1364318143640833,1389543610322166,98.0
1789862796,2026-09-20T00:06:36Z,1293277583,1364318143640833,1389604992137166,98.0
1789862857,2026-09-20T00:07:37Z,1293277583,1364318143640833,1389666431446458,98.0
1789862919,2026-09-20T00:08:39Z,1293277583,1364318143640833,1389727785414958,98.0
1789862980,2026-09-20T00:09:40Z,1293277583,1364318143640833,1389789164336000,98.0
1789863041,2026-09-20T00:10:41Z,1293277583,1364318143640833,1389850537856125,98.0
1789863103,2026-09-20T00:11:43Z,1293277583,1364318143640833,1389911915640833,98.0
1789863164,2026-09-20T00:12:44Z,1293277583,1364318143640833,1389973270832541,98.0
1789863226,2026-09-20T00:13:46Z,1293277583,1364318143640833,1390034637896291,98.0
1789863287,2026-09-20T00:14:47Z,1293277583,1364318143640833,1390096043574958,98.0
1789863348,2026-09-20T00:15:48Z,1293277583,1364318143640833,1390157436065583,98.0
1789863410,2026-09-20T00:16:50Z,1293277583,1364318143640833,1390218848487166,98.0
1789863471,2026-09-20T00:17:51Z,1293277583,1364318143640833,1390280302080458,98.0
1789863533,2026-09-20T00:18:53Z,1293277583,1364318143640833,1390341704607541,98.0
1789863594,2026-09-20T00:19:54Z,1293277583,1364318143640833,1390403036506208,98.0
1789863655,2026-09-20T00:20:55Z,1293277583,1364318143640833,1390464523244833,98.0
1789863717,2026-09-20T00:21:57Z,1293277583,1364318143640833,1390525985602208,98.0
1789863778,2026-09-20T00:22:58Z,1293277583,1364318143640833,1390587445859416,98.0
1789863840,2026-09-20T00:24:00Z,1293277583,1364318143640833,1390649023978958,98.0
1789863901,2026-09-20T00:25:01Z,1293277583,1364318143640833,1390710384750083,98.0
1789863963,2026-09-20T00:26:03Z,1293277583,1364318143640833,1390771770606916,98.0
1789864024,2026-09-20T00:27:04Z,1293277583,1364318143640833,1390833193499875,98.0
1789864085,2026-09-20T00:28:05Z,1293277583,1364318143640833,1390894572288250,98.0
1789864147,2026-09-20T00:29:07Z,1293277583,1364318143640833,1390955919094583,98.0
1789864208,2026-09-20T00:30:08Z,1293277583,1364318143640833,1391017284059875,98.0
1789864270,2026-09-20T00:31:10Z,1293277583,1364318143640833,1391078710979625,98.0
1789864331,2026-09-20T00:32:11Z,1293277583,1364318143640833,1391140058540666,98.0
1789864392,2026-09-20T00:33:12Z,1293277583,1364318143640833,1391201459243958,98.0
1789864454,2026-09-20T00:34:14Z,1293277583,1364318143640833,1391262829355500,98.0
1789864515,2026-09-20T00:35:15Z,1293277583,1364318143640833,1391324230722500,98.0
1789864577,2026-09-20T00:36:17Z,1293277583,1364318143640833,1391385609456125,98.0
1789864638,2026-09-20T00:37:18Z,1293277583,1364318143640833,1391447011970208,98.0
1789864699,2026-09-20T00:38:19Z,1293277583,1364318143640833,1391508337545958,98.0
1789864761,2026-09-20T00:39:21Z,1293277583,1364318143640833,1391569750378375,98.0
1789864822,2026-09-20T00:40:22Z,1293277583,1364318143640833,1391631152202083,98.0
1789864883,2026-09-20T00:41:23Z,1293277583,1364318143640833,1391692525589333,98.0
1789864945,2026-09-20T00:42:25Z,1293277583,1364318143640833,1391753969891291,98.0
1789865006,2026-09-20T00:43:26Z,1293277583,1364318143640833,1391815349358750,98.0
1789865068,2026-09-20T00:44:28Z,1293277583,1364318143640833,1391876775463666,98.0
1789865129,2026-09-20T00:45:29Z,1293277583,1364318143640833,1391938212080500,98.0
1789865191,2026-09-20T00:46:31Z,1293277583,1364318143640833,1391999725055333,98.0
1789865252,2026-09-20T00:47:32Z,1293277583,1364318143640833,1392061105383083,98.0
1789865313,2026-09-20T00:48:33Z,1293277583,1364318143640833,1392122514382041,98.0
1789865375,2026-09-20T00:49:35Z,1293277583,1364318143640833,1392183968680041,98.0
1789865436,2026-09-20T00:50:36Z,1293277583,1364318143640833,1392245353783333,98.0
1789865498,2026-09-20T00:51:38Z,1293277583,1364318143640833,1392306749894500,98.0
1789865559,2026-09-20T00:52:39Z,1293277583,1364318143640833,1392368116080291,98.0
1789865620,2026-09-20T00:53:40Z,1293277583,1364318143640833,1392429493356000,98.0
1789865682,2026-09-20T00:54:42Z,1293277583,1364318143640833,1392490861949458,98.0
1789865743,2026-09-20T00:55:43Z,1293277583,1364318143640833,1392552245087250,98.0
1789865805,2026-09-20T00:56:45Z,1293277583,1364318143640833,1392613649151875,98.0
1789865866,2026-09-20T00:57:46Z,1293277583,1364318143640833,1392674992088541,98.0
1789865927,2026-09-20T00:58:47Z,1293277583,1364318143640833,1392736417832958,98.0
1789865989,2026-09-20T00:59:49Z,1293277583,1364318143640833,1392797825010041,98.0
1789866050,2026-09-20T01:00:50Z,1293277583,1364318143640833,1392859221731291,98.0
1789866112,2026-09-20T01:01:52Z,1293277583,1364318143640833,1392920579523791,98.0
1789866173,2026-09-20T01:02:53Z,1293277583,1364318143640833,1392981887502541,98.0
1789866234,2026-09-20T01:03:54Z,1293277583,1364318143640833,1393043245747083,98.0
1789866296,2026-09-20T01:04:56Z,1293277583,1364318143640833,1393104610490583,98.0
1789866357,2026-09-20T01:05:57Z,1293277583,1364318143640833,1393166006041541,98.0
1789866418,2026-09-20T01:06:58Z,1293277583,1364318143640833,1393227432717833,98.0
1789866480,2026-09-20T01:08:00Z,1293277583,1364318143640833,1393288810019583,98.0
1789866541,2026-09-20T01:09:01Z,1293277583,1364318143640833,1393350197886041,98.0
1789866603,2026-09-20T01:10:03Z,1293277583,1364318143640833,1393411525373416,98.0
1789866664,2026-09-20T01:11:04Z,1293277583,1364318143640833,1393472860058541,98.0
1789866725,2026-09-20T01:12:05Z,1293277583,1364318143640833,1393534223519083,98.0
1789866787,2026-09-20T01:13:07Z,1293277583,1364318143640833,1393595604312458,98.0
1789866848,2026-09-20T01:14:08Z,1293277583,1364318143640833,1393657000573666,98.0
1789866909,2026-09-20T01:15:09Z,1293277583,1364318143640833,1393718425968041,98.0
1789866971,2026-09-20T01:16:11Z,1293277583,1364318143640833,1393779849405291,98.0
1789867032,2026-09-20T01:17:12Z,1293277583,1364318143640833,1393841229809333,98.0
1789867094,2026-09-20T01:18:14Z,1293277583,1364318143640833,1393902672520208,98.0
1789867155,2026-09-20T01:19:15Z,1293277583,1364318143640833,1393964127586458,98.0
1789867217,2026-09-20T01:20:17Z,1293277583,1364318143640833,1394025538182500,98.0
1789867278,2026-09-20T01:21:18Z,1293277583,1364318143640833,1394086970494375,98.0
1789867339,2026-09-20T01:22:19Z,1293277583,1364318143640833,1394148345359750,98.0
1789867401,2026-09-20T01:23:21Z,1293277583,1364318143640833,1394209671234166,98.0
1789867462,2026-09-20T01:24:22Z,1293277583,1364318143640833,1394270997470541,98.0
1789867523,2026-09-20T01:25:23Z,1293277583,1364318143640833,1394332444170916,98.0
1789867585,2026-09-20T01:26:25Z,1293277583,1364318143640833,1394393876137541,98.0
1789867646,2026-09-20T01:27:26Z,1293277583,1364318143640833,1394455217259708,98.0
1789867708,2026-09-20T01:28:28Z,1293277583,1364318143640833,1394516656236916,98.0
1789867769,2026-09-20T01:29:29Z,1293277583,1364318143640833,1394578045577916,98.0
1789867830,2026-09-20T01:30:30Z,1293277583,1364318143640833,1394639434555250,98.0
1789867892,2026-09-20T01:31:32Z,1293277583,1364318143640833,1394700842335500,98.0
1789867953,2026-09-20T01:32:33Z,1293277583,1364318143640833,1394762203658791,98.0
1789868015,2026-09-20T01:33:35Z,1293277583,1364318143640833,1394823612306625,98.0
1789868076,2026-09-20T01:34:36Z,1293277583,1364318143640833,1394885010609041,98.0
1789868137,2026-09-20T01:35:37Z,1293277583,1364318143640833,1394946420290541,98.0
1789868199,2026-09-20T01:36:39Z,1293277583,1364318143640833,1395007751720291,98.0
1789868260,2026-09-20T01:37:40Z,1293277583,1364318143640833,1395069097204291,98.0
1789868321,2026-09-20T01:38:41Z,1293277583,1364318143640833,1395130467236875,98.0
1789868383,2026-09-20T01:39:43Z,1293277583,1364318143640833,1395191856190583,98.0
1789868444,2026-09-20T01:40:44Z,1293277583,1364318143640833,1395253267997333,98.0
1789868506,2026-09-20T01:41:46Z,1293277583,1364318143640833,1395314639351041,98.0
1789868567,2026-09-20T01:42:47Z,1293277583,1364318143640833,1395376015710958,98.0
1789868628,2026-09-20T01:43:48Z,1293277583,1364318143640833,1395437368595166,98.0
1789868690,2026-09-20T01:44:50Z,1293277583,1364318143640833,1395498761586583,98.0
1789868751,2026-09-20T01:45:51Z,1293277583,1364318143640833,1395560180999125,98.0
1789868813,2026-09-20T01:46:53Z,1293277583,1364318143640833,1395621609323375,98.0
1789868874,2026-09-20T01:47:54Z,1293277583,1364318143640833,1395682995588541,98.0
1789868935,2026-09-20T01:48:55Z,1293277583,1364318143640833,1395744435970541,98.0
1789868997,2026-09-20T01:49:57Z,1293277583,1364318143640833,1395805839071000,98.0
1789869058,2026-09-20T01:50:58Z,1293277583,1364318143640833,1395867220816583,98.0
1789869120,2026-09-20T01:52:00Z,1293277583,1364318143640833,1395928607072083,98.0
1789869181,2026-09-20T01:53:01Z,1293277583,1364318143640833,1395989988339625,98.0
1789869242,2026-09-20T01:54:02Z,1293277583,1364318143640833,1396051372734791,98.0
1789869304,2026-09-20T01:55:04Z,1293277583,1364318143640833,1396112738940958,98.0
1789869365,2026-09-20T01:56:05Z,1293277583,1364318143640833,1396174054179916,98.0
1789869426,2026-09-20T01:57:06Z,1293277583,1364318143640833,1396235401005791,98.0
1789869488,2026-09-20T01:58:08Z,1293277583,1364318143640833,1396296812984125,98.0
1789869549,2026-09-20T01:59:09Z,1293277583,1364318143640833,1396358201389500,98.0
1789869611,2026-09-20T02:00:11Z,1293277583,1364318143640833,1396419589363541,98.0
1789869672,2026-09-20T02:01:12Z,1293277583,1364318143640833,1396480939318916,98.0
1789869733,2026-09-20T02:02:13Z,1293277583,1364318143640833,1396542298716958,98.0
1789869795,2026-09-20T02:03:15Z,1293277583,1364318143640833,1396603673336833,98.0
1789869856,2026-09-20T02:04:16Z,1293277583,1364318143640833,1396665060697416,98.0
1789869917,2026-09-20T02:05:17Z,1293277583,1364318143640833,1396726412107000,98.0
1789869979,2026-09-20T02:06:19Z,1293277583,1364318143640833,1396787789298458,98.0
1789870040,2026-09-20T02:07:20Z,1293277583,1364318143640833,1396849176477166,98.0
1789870101,2026-09-20T02:08:21Z,1293277583,1364318143640833,1396910544096541,98.0
1789870163,2026-09-20T02:09:23Z,1293277583,1364318143640833,1396972051149416,98.0
1789870224,2026-09-20T02:10:24Z,1293277583,1364318143640833,1397033442969916,98.0
1789870286,2026-09-20T02:11:26Z,1293277583,1364318143640833,1397094831472416,98.0
1789870347,2026-09-20T02:12:27Z,1293277583,1364318143640833,1397156256602166,98.0
1789870409,2026-09-20T02:13:29Z,1293277583,1364318143640833,1397217824667500,98.0
1789870470,2026-09-20T02:14:30Z,1293277583,1364318143640833,1397279377074083,98.0
1789870532,2026-09-20T02:15:32Z,1293277583,1364318143640833,1397340827703500,98.0
1789870593,2026-09-20T02:16:33Z,1293277583,1364318143640833,1397402307442250,98.0
1789870655,2026-09-20T02:17:35Z,1293277583,1364318143640833,1397463739925708,98.0
1789870716,2026-09-20T02:18:36Z,1293277583,1364318143640833,1397525118743500,98.0
1789870777,2026-09-20T02:19:37Z,1293277583,1364318143640833,1397586502967125,98.0
1789870839,2026-09-20T02:20:39Z,1293277583,1364318143640833,1397647900265833,98.0
1789870900,2026-09-20T02:21:40Z,1293277583,1364318143640833,1397709363874458,98.0
1789870962,2026-09-20T02:22:42Z,1293277583,1364318143640833,1397770686205000,98.0
1789871023,2026-09-20T02:23:43Z,1293277583,1364318143640833,1397832045225750,98.0
1789871084,2026-09-20T02:24:44Z,1293277583,1364318143640833,1397893417502541,98.0
1789871146,2026-09-20T02:25:46Z,1293277583,1364318143640833,1397954770050708,98.0
1789871207,2026-09-20T02:26:47Z,1293277583,1364318143640833,1398016220556208,98.0
1789871269,2026-09-20T02:27:49Z,1293277583,1364318143640833,1398077619399333,98.0
1789871330,2026-09-20T02:28:50Z,1293277583,1364318143640833,1398139030414500,98.0
1789871391,2026-09-20T02:29:51Z,1293277583,1364318143640833,1398200420174250,98.0
1789871453,2026-09-20T02:30:53Z,1293277583,1364318143640833,1398261792713708,98.0
1789871514,2026-09-20T02:31:54Z,1293277583,1364318143640833,1398323179281041,98.0
1789871576,2026-09-20T02:32:56Z,1293277583,1364318143640833,1398384596404958,98.0
1789871637,2026-09-20T02:33:57Z,1293277583,1364318143640833,1398445962364708,98.0
1789871698,2026-09-20T02:34:58Z,1293277583,1364318143640833,1398507431994500,98.0
1789871760,2026-09-20T02:36:00Z,1293277583,1364318143640833,1398568843958291,98.0
1789871821,2026-09-20T02:37:01Z,1293277583,1364318143640833,1398630221829333,98.0
1789871883,2026-09-20T02:38:03Z,1293277583,1364318143640833,1398691585014583,98.0
1789871944,2026-09-20T02:39:04Z,1293277583,1364318143640833,1398752971066500,98.0
1789872005,2026-09-20T02:40:05Z,1293277583,1364318143640833,1398814372701916,98.0
1789872067,2026-09-20T02:41:07Z,1293277583,1364318143640833,1398875748233291,98.0
1789872128,2026-09-20T02:42:08Z,1293277583,1364318143640833,1398937084211958,98.0
1789872190,2026-09-20T02:43:10Z,1293277583,1364318143640833,1398998507091833,98.0
1789872251,2026-09-20T02:44:11Z,1293277583,1364318143640833,1399059931746583,98.0
1789872312,2026-09-20T02:45:12Z,1293277583,1364318143640833,1399121312736875,98.0
1789872374,2026-09-20T02:46:14Z,1293277583,1364318143640833,1399182690126416,98.0
1789872435,2026-09-20T02:47:15Z,1293277583,1364318143640833,1399244102486458,98.0
1789872497,2026-09-20T02:48:17Z,1293277583,1364318143640833,1399305503207291,98.0
1789872558,2026-09-20T02:49:18Z,1293277583,1364318143640833,1399366868038208,98.0
1789872619,2026-09-20T02:50:19Z,1293277583,1364318143640833,1399428222152291,98.0
1789872681,2026-09-20T02:51:21Z,1293277583,1364318143640833,1399489603108666,98.0
1789872742,2026-09-20T02:52:22Z,1293277583,1364318143640833,1399551029764958,98.0
1789872803,2026-09-20T02:53:23Z,1293277583,1364318143640833,1399612430572166,98.0
1789872865,2026-09-20T02:54:25Z,1293277583,1364318143640833,1399673788855625,98.0
1789872926,2026-09-20T02:55:26Z,1293277583,1364318143640833,1399735178482125,98.0
1789872988,2026-09-20T02:56:28Z,1293277583,1364318143640833,1399796608740125,98.0
1789873049,2026-09-20T02:57:29Z,1293277583,1364318143640833,1399858061580833,98.0
1789873110,2026-09-20T02:58:30Z,1293277583,1364318143640833,1399919471546000,98.0
1789873172,2026-09-20T02:59:32Z,1293277583,1364318143640833,1399980844870000,98.0
1789873233,2026-09-20T03:00:33Z,1293277583,1364318143640833,1400042263050333,98.0
1789873295,2026-09-20T03:01:35Z,1293277583,1364318143640833,1400103645162791,98.0
1789873356,2026-09-20T03:02:36Z,1293277583,1364318143640833,1400164988773041,98.0
1789873417,2026-09-20T03:03:37Z,1293277583,1364318143640833,1400226384900750,98.0
1789873479,2026-09-20T03:04:39Z,1293277583,1364318143640833,1400287726022958,98.0
1789873540,2026-09-20T03:05:40Z,1293277583,1364318143640833,1400349119104625,98.0
1789873601,2026-09-20T03:06:41Z,1293277583,1364318143640833,1400410474565083,98.0
1789873663,2026-09-20T03:07:43Z,1293277583,1364318143640833,1400471810005416,98.0
1789873724,2026-09-20T03:08:44Z,1293277583,1364318143640833,1400533149289291,98.0
1789873786,2026-09-20T03:09:46Z,1293277583,1364318143640833,1400594544517750,98.0
1789873847,2026-09-20T03:10:47Z,1293277583,1364318143640833,1400655945251916,98.0
1789873908,2026-09-20T03:11:48Z,1293277583,1364318143640833,1400717361261500,98.0
1789873970,2026-09-20T03:12:50Z,1293277583,1364318143640833,1400778916311875,98.0
1789874031,2026-09-20T03:13:51Z,1293277583,1364318143640833,1400840355219250,98.0
1789874093,2026-09-20T03:14:53Z,1293277583,1364318143640833,1400901778020041,98.0
1789874154,2026-09-20T03:15:54Z,1293277583,1364318143640833,1400963130485333,98.0
1789874216,2026-09-20T03:16:56Z,1293277583,1364318143640833,1401024529540916,98.0
1789874277,2026-09-20T03:17:57Z,1293277583,1364318143640833,1401085925835125,98.0
1789874338,2026-09-20T03:18:58Z,1293277583,1364318143640833,1401147333915750,98.0
1789874400,2026-09-20T03:20:00Z,1293277583,1364318143640833,1401208733929458,98.0
1789874461,2026-09-20T03:21:01Z,1293277583,1364318143640833,1401270127752041,98.0
1789874523,2026-09-20T03:22:03Z,1293277583,1364318143640833,1401331491309291,98.0
1789874584,2026-09-20T03:23:04Z,1293277583,1364318143640833,1401392918910833,98.0
1789874645,2026-09-20T03:24:05Z,1293277583,1364318143640833,1401454285057833,98.0
1789874707,2026-09-20T03:25:07Z,1293277583,1364318143640833,1401515680061375,98.0
1789874768,2026-09-20T03:26:08Z,1293277583,1364318143640833,1401577034966916,98.0
1789874829,2026-09-20T03:27:09Z,1293277583,1364318143640833,1401638402852125,98.0
1789874891,2026-09-20T03:28:11Z,1293277583,1364318143640833,1401699797610416,98.0
1789874952,2026-09-20T03:29:12Z,1293277583,1364318143640833,1401761199371125,98.0
1789875014,2026-09-20T03:30:14Z,1293277583,1364318143640833,1401822613844833,98.0
1789875075,2026-09-20T03:31:15Z,1293277583,1364318143640833,1401883936225875,98.0
1789875136,2026-09-20T03:32:16Z,1293277583,1364318143640833,1401945336731708,98.0
1789875198,2026-09-20T03:33:18Z,1293277583,1364318143640833,1402006704635583,98.0
1789875259,2026-09-20T03:34:19Z,1293277583,1364318143640833,1402068085422291,98.0
1789875320,2026-09-20T03:35:20Z,1293277583,1364318143640833,1402129465993375,98.0
1789875382,2026-09-20T03:36:22Z,1293277583,1364318143640833,1402190868637833,98.0
1789875443,2026-09-20T03:37:23Z,1293277583,1364318143640833,1402252298854291,98.0
1789875505,2026-09-20T03:38:25Z,1293277583,1364318143640833,1402313815829708,98.0
1789875566,2026-09-20T03:39:26Z,1293277583,1364318143640833,1402375209387958,98.0
1789875628,2026-09-20T03:40:28Z,1293277583,1364318143640833,1402436659648416,98.0
1789875689,2026-09-20T03:41:29Z,1293277583,1364318143640833,1402498093976583,98.0
1789875750,2026-09-20T03:42:30Z,1293277583,1364318143640833,1402559485507583,98.0
1789875812,2026-09-20T03:43:32Z,1293277583,1364318143640833,1402620872425791,98.0
1789875873,2026-09-20T03:44:33Z,1293277583,1364318143640833,1402682272348958,98.0
1789875935,2026-09-20T03:45:35Z,1293277583,1364318143640833,1402743622519250,98.0
1789875996,2026-09-20T03:46:36Z,1293277583,1364318143640833,1402804933880291,98.0
1789876057,2026-09-20T03:47:37Z,1293277583,1364318143640833,1402866315241583,98.0
1789876119,2026-09-20T03:48:39Z,1293277583,1364318143640833,1402927723714791,98.0
1789876180,2026-09-20T03:49:40Z,1293277583,1364318143640833,1402989095473500,98.0
1789876242,2026-09-20T03:50:42Z,1293277583,1364318143640833,1403050487698708,98.0
1789876303,2026-09-20T03:51:43Z,1293277583,1364318143640833,1403111879168791,98.0
1789876364,2026-09-20T03:52:44Z,1293277583,1364318143640833,1403173238098791,98.0
1789876426,2026-09-20T03:53:46Z,1293277583,1364318143640833,1403234588363708,98.0
1789876487,2026-09-20T03:54:47Z,1293277583,1364318143640833,1403296014970500,98.0
1789876548,2026-09-20T03:55:48Z,1293277583,1364318143640833,1403357421526166,98.0
1789876610,2026-09-20T03:56:50Z,1293277583,1364318143640833,1403418784890833,98.0
1789876671,2026-09-20T03:57:51Z,1293277583,1364318143640833,1403480198147791,98.0
1789876733,2026-09-20T03:58:53Z,1293277583,1364318143640833,1403541587479625,98.0
1789876794,2026-09-20T03:59:54Z,1293277583,1364318143640833,1403602925755750,98.0
1789876855,2026-09-20T04:00:55Z,1293277583,1364318143640833,1403664297429291,98.0
1789876917,2026-09-20T04:01:57Z,1293277583,1364318143640833,1403725691742041,98.0
1789876978,2026-09-20T04:02:58Z,1293277583,1364318143640833,1403787092244708,98.0
1789877039,2026-09-20T04:03:59Z,1293277583,1364318143640833,1403848458777666,98.0
1789877101,2026-09-20T04:05:01Z,1293277583,1364318143640833,1403910338120708,98.0
1789877163,2026-09-20T04:06:03Z,1293277583,1364318143640833,1403971752051666,98.0
1789877224,2026-09-20T04:07:04Z,1293277583,1364318143640833,1404033191210916,98.0
1789877286,2026-09-20T04:08:06Z,1293277583,1364318143640833,1404094709586333,98.0
1789877347,2026-09-20T04:09:07Z,1293277583,1364318143640833,1404156143298958,98.0
1789877409,2026-09-20T04:10:09Z,1293277583,1364318143640833,1404217678482708,98.0
1789877470,2026-09-20T04:11:10Z,1293277583,1364318143640833,1404279072341208,98.0
1789877531,2026-09-20T04:12:11Z,1293277583,1364318143640833,1404340422177916,98.0
1789877593,2026-09-20T04:13:13Z,1293277583,1364318143640833,1404401762839583,98.0
1789877654,2026-09-20T04:14:14Z,1293277583,1364318143640833,1404463120889041,98.0
1789877715,2026-09-20T04:15:15Z,1293277583,1364318143640833,1404524481377625,98.0
1789877777,2026-09-20T04:16:17Z,1293277583,1364318143640833,1404585853805500,98.0
1789877838,2026-09-20T04:17:18Z,1295757458,1404639852297125,1404647191262291,128.0
1789877900,2026-09-20T04:18:20Z,1295757458,1404639852297125,1404708582211125,122.0
1789877961,2026-09-20T04:19:21Z,1295757458,1404639852297125,1404770156977333,122.0
1789878023,2026-09-20T04:20:23Z,1295757458,1404639852297125,1404831808374291,122.0
1789878084,2026-09-20T04:21:24Z,1295757458,1404639852297125,1404893246030416,122.0
1789878146,2026-09-20T04:22:26Z,1295757458,1404639852297125,1404954688958750,122.0
1789878207,2026-09-20T04:23:27Z,1295757458,1404639852297125,1405016086817416,122.0
1789878269,2026-09-20T04:24:29Z,1295757458,1404639852297125,1405077498869250,122.0
1789878330,2026-09-20T04:25:30Z,1295757458,1404639852297125,1405138911896750,122.0
1789878391,2026-09-20T04:26:31Z,1295757458,1404639852297125,1405200284104791,122.0
1789878453,2026-09-20T04:27:33Z,1295757458,1404639852297125,1405261668602333,122.0
1789878514,2026-09-20T04:28:34Z,1295757458,1404639852297125,1405323050473291,122.0
1789878575,2026-09-20T04:29:35Z,1295757458,1404639852297125,1405384436920916,122.0
1789878637,2026-09-20T04:30:37Z,1295757458,1404639852297125,1405445845616416,122.0
1789878698,2026-09-20T04:31:38Z,1295757458,1404639852297125,1405507155260166,122.0
1789878760,2026-09-20T04:32:40Z,1295757458,1404639852297125,1405568517541541,122.0
1789878821,2026-09-20T04:33:41Z,1295757458,1404639852297125,1405629887295916,122.0
1789878882,2026-09-20T04:34:42Z,1295757458,1404639852297125,1405691222040083,122.0
1789878944,2026-09-20T04:35:44Z,1295757458,1404639852297125,1405752582170875,122.0
1789879005,2026-09-20T04:36:45Z,1295757458,1404639852297125,1405813957777125,122.0
1789879066,2026-09-20T04:37:46Z,1295757458,1404639852297125,1405875342929458,122.0
1789879128,2026-09-20T04:38:48Z,1295757458,1404639852297125,1405936723496875,122.0
1789879189,2026-09-20T04:39:49Z,1295757458,1404639852297125,1405998104927375,122.0
1789879251,2026-09-20T04:40:51Z,1295757458,1404639852297125,1406059490432916,122.0
1789879312,2026-09-20T04:41:52Z,1295757458,1404639852297125,1406120877876458,122.0
1789879373,2026-09-20T04:42:53Z,1295757458,1404639852297125,1406182255258916,122.0
1789879435,2026-09-20T04:43:55Z,1295757458,1404639852297125,1406243631103250,122.0
1789879496,2026-09-20T04:44:56Z,1295757458,1404639852297125,1406305097560416,122.0
1789879558,2026-09-20T04:45:58Z,1295757458,1404639852297125,1406366505348625,122.0
1789879619,2026-09-20T04:46:59Z,1295757458,1404639852297125,1406427893881958,122.0
1789879680,2026-09-20T04:48:00Z,1295757458,1404639852297125,1406489294033583,122.0
1789879742,2026-09-20T04:49:02Z,1295757458,1404639852297125,1406550646536250,122.0
1789879803,2026-09-20T04:50:03Z,1295757458,1404639852297125,1406612035759750,122.0
1789879864,2026-09-20T04:51:04Z,1295757458,1404639852297125,1406673412202166,122.0
1789879926,2026-09-20T04:52:06Z,1295757458,1404639852297125,1406734745735166,122.0
1789879987,2026-09-20T04:53:07Z,1295757458,1404639852297125,1406796127118833,122.0
1789880049,2026-09-20T04:54:09Z,1295757458,1404639852297125,1406857526962291,122.0
1789880110,2026-09-20T04:55:10Z,1295757458,1404639852297125,1406918949738000,122.0
1789880171,2026-09-20T04:56:11Z,1295757458,1404639852297125,1406980350014666,122.0
1789880233,2026-09-20T04:57:13Z,1295757458,1404639852297125,1407041689220916,122.0
1789880294,2026-09-20T04:58:14Z,1295757458,1404639852297125,1407103035956708,122.0
1789880355,2026-09-20T04:59:15Z,1295757458,1404639852297125,1407164471724708,122.0
1789880417,2026-09-20T05:00:17Z,1295757458,1404639852297125,1407225867059208,122.0
1789880478,2026-09-20T05:01:18Z,1295757458,1404639852297125,1407287320403833,122.0
1789880540,2026-09-20T05:02:20Z,1295757458,1404639852297125,1407348758546916,122.0
1789880601,2026-09-20T05:03:21Z,1295757458,1404639852297125,1407410184468791,122.0
1789880663,2026-09-20T05:04:23Z,1295757458,1404639852297125,1407471617467375,122.0
1789880724,2026-09-20T05:05:24Z,1295757458,1404639852297125,1407533072085083,122.0
1789880786,2026-09-20T05:06:26Z,1301543333,1407576378831541,1407594576314416,126.0
1789880847,2026-09-20T05:07:27Z,1301543333,1407576378831541,1407656064054291,122.0
1789880909,2026-09-20T05:08:29Z,1301543333,1407576378831541,1407717551454416,122.0
1789880970,2026-09-20T05:09:30Z,1301543333,1407576378831541,1407778959964375,122.0
1789881031,2026-09-20T05:10:31Z,1301543333,1407576378831541,1407840376150666,122.0
